--
-- PostgreSQL database dump
--

\restrict RBPIFwSvXHl3d3HCLPb8RlnGj7vT7KpAQDq2zs2IcO5ypid9PRgMRgBeiF6ToiC

-- Dumped from database version 17.6 (Debian 17.6-1.pgdg13+1)
-- Dumped by pg_dump version 17.6 (Debian 17.6-1.pgdg13+1)

SET statement_timeout = 0;
SET lock_timeout = 0;
SET idle_in_transaction_session_timeout = 0;
SET transaction_timeout = 0;
SET client_encoding = 'UTF8';
SET standard_conforming_strings = on;
SELECT pg_catalog.set_config('search_path', '', false);
SET check_function_bodies = false;
SET xmloption = content;
SET client_min_messages = warning;
SET row_security = off;

SET default_tablespace = '';

SET default_table_access_method = heap;

--
-- Name: admin_parking_lots; Type: TABLE; Schema: public; Owner: parking_user
--

CREATE TABLE public.admin_parking_lots (
    id integer NOT NULL,
    admin_id integer NOT NULL,
    parking_lot_id integer NOT NULL,
    assigned_date date DEFAULT CURRENT_DATE NOT NULL
);


ALTER TABLE public.admin_parking_lots OWNER TO parking_user;

--
-- Name: admin_parking_lots_id_seq; Type: SEQUENCE; Schema: public; Owner: parking_user
--

CREATE SEQUENCE public.admin_parking_lots_id_seq
    AS integer
    START WITH 1
    INCREMENT BY 1
    NO MINVALUE
    NO MAXVALUE
    CACHE 1;


ALTER SEQUENCE public.admin_parking_lots_id_seq OWNER TO parking_user;

--
-- Name: admin_parking_lots_id_seq; Type: SEQUENCE OWNED BY; Schema: public; Owner: parking_user
--

ALTER SEQUENCE public.admin_parking_lots_id_seq OWNED BY public.admin_parking_lots.id;


--
-- Name: admin_payment_ledger; Type: TABLE; Schema: public; Owner: parking_user
--

CREATE TABLE public.admin_payment_ledger (
    id integer NOT NULL,
    admin_id integer NOT NULL,
    date date NOT NULL,
    opening_balance double precision NOT NULL,
    today_collection double precision NOT NULL,
    payment_made double precision NOT NULL,
    closing_balance double precision NOT NULL
);


ALTER TABLE public.admin_payment_ledger OWNER TO parking_user;

--
-- Name: admin_payment_ledger_id_seq; Type: SEQUENCE; Schema: public; Owner: parking_user
--

CREATE SEQUENCE public.admin_payment_ledger_id_seq
    AS integer
    START WITH 1
    INCREMENT BY 1
    NO MINVALUE
    NO MAXVALUE
    CACHE 1;


ALTER SEQUENCE public.admin_payment_ledger_id_seq OWNER TO parking_user;

--
-- Name: admin_payment_ledger_id_seq; Type: SEQUENCE OWNED BY; Schema: public; Owner: parking_user
--

ALTER SEQUENCE public.admin_payment_ledger_id_seq OWNED BY public.admin_payment_ledger.id;


--
-- Name: alembic_version; Type: TABLE; Schema: public; Owner: parking_user
--

CREATE TABLE public.alembic_version (
    version_num character varying(32) NOT NULL
);


ALTER TABLE public.alembic_version OWNER TO parking_user;

--
-- Name: floors; Type: TABLE; Schema: public; Owner: parking_user
--

CREATE TABLE public.floors (
    floor_id integer NOT NULL,
    floor_name character varying(50) NOT NULL,
    parkinglot_id integer NOT NULL
);


ALTER TABLE public.floors OWNER TO parking_user;

--
-- Name: floors_floor_id_seq; Type: SEQUENCE; Schema: public; Owner: parking_user
--

CREATE SEQUENCE public.floors_floor_id_seq
    AS integer
    START WITH 1
    INCREMENT BY 1
    NO MINVALUE
    NO MAXVALUE
    CACHE 1;


ALTER SEQUENCE public.floors_floor_id_seq OWNER TO parking_user;

--
-- Name: floors_floor_id_seq; Type: SEQUENCE OWNED BY; Schema: public; Owner: parking_user
--

ALTER SEQUENCE public.floors_floor_id_seq OWNED BY public.floors.floor_id;


--
-- Name: parking_sessions; Type: TABLE; Schema: public; Owner: parking_user
--

CREATE TABLE public.parking_sessions (
    ticket_id character varying(50) NOT NULL,
    parkinglot_id integer,
    floor_id integer,
    row_id integer,
    slot_id integer,
    vehicle_reg_no character varying(20) NOT NULL,
    user_id integer,
    start_time timestamp without time zone,
    end_time timestamp without time zone,
    duration_hrs numeric,
    amount_paid numeric(10,2) DEFAULT '0'::numeric,
    vehicle_type character varying(20)
);


ALTER TABLE public.parking_sessions OWNER TO parking_user;

--
-- Name: parkinglots_details; Type: TABLE; Schema: public; Owner: parking_user
--

CREATE TABLE public.parkinglots_details (
    parkinglot_id integer NOT NULL,
    parking_name text,
    city text,
    landmark text,
    address text,
    latitude numeric,
    longitude numeric,
    physical_appearance text,
    parking_ownership text,
    parking_surface text,
    has_cctv text,
    has_boom_barrier text,
    ticket_generated text,
    entry_exit_gates text,
    weekly_off text,
    parking_timing text,
    vehicle_types text,
    car_capacity integer,
    available_car_slots integer,
    two_wheeler_capacity integer,
    available_two_wheeler_slots integer,
    parking_type text,
    payment_modes text,
    car_parking_charge text,
    two_wheeler_parking_charge text,
    allows_prepaid_passes text,
    provides_valet_services text,
    value_added_services text
);


ALTER TABLE public.parkinglots_details OWNER TO parking_user;

--
-- Name: parkinglots_details_parkinglot_id_seq; Type: SEQUENCE; Schema: public; Owner: parking_user
--

CREATE SEQUENCE public.parkinglots_details_parkinglot_id_seq
    AS integer
    START WITH 1
    INCREMENT BY 1
    NO MINVALUE
    NO MAXVALUE
    CACHE 1;


ALTER SEQUENCE public.parkinglots_details_parkinglot_id_seq OWNER TO parking_user;

--
-- Name: parkinglots_details_parkinglot_id_seq; Type: SEQUENCE OWNED BY; Schema: public; Owner: parking_user
--

ALTER SEQUENCE public.parkinglots_details_parkinglot_id_seq OWNED BY public.parkinglots_details.parkinglot_id;


--
-- Name: rows; Type: TABLE; Schema: public; Owner: parking_user
--

CREATE TABLE public.rows (
    row_id integer NOT NULL,
    row_name character varying(50) NOT NULL,
    floor_id integer NOT NULL,
    parkinglot_id integer NOT NULL
);


ALTER TABLE public.rows OWNER TO parking_user;

--
-- Name: rows_row_id_seq; Type: SEQUENCE; Schema: public; Owner: parking_user
--

CREATE SEQUENCE public.rows_row_id_seq
    AS integer
    START WITH 1
    INCREMENT BY 1
    NO MINVALUE
    NO MAXVALUE
    CACHE 1;


ALTER SEQUENCE public.rows_row_id_seq OWNER TO parking_user;

--
-- Name: rows_row_id_seq; Type: SEQUENCE OWNED BY; Schema: public; Owner: parking_user
--

ALTER SEQUENCE public.rows_row_id_seq OWNED BY public.rows.row_id;


--
-- Name: slots; Type: TABLE; Schema: public; Owner: parking_user
--

CREATE TABLE public.slots (
    slot_id integer NOT NULL,
    slot_name character varying(50) NOT NULL,
    status integer,
    vehicle_reg_no character varying(20),
    ticket_id character varying(50),
    row_id integer NOT NULL,
    floor_id integer NOT NULL,
    parkinglot_id integer NOT NULL
);


ALTER TABLE public.slots OWNER TO parking_user;

--
-- Name: slots_slot_id_seq; Type: SEQUENCE; Schema: public; Owner: parking_user
--

CREATE SEQUENCE public.slots_slot_id_seq
    AS integer
    START WITH 1
    INCREMENT BY 1
    NO MINVALUE
    NO MAXVALUE
    CACHE 1;


ALTER SEQUENCE public.slots_slot_id_seq OWNER TO parking_user;

--
-- Name: slots_slot_id_seq; Type: SEQUENCE OWNED BY; Schema: public; Owner: parking_user
--

ALTER SEQUENCE public.slots_slot_id_seq OWNED BY public.slots.slot_id;


--
-- Name: users; Type: TABLE; Schema: public; Owner: parking_user
--

CREATE TABLE public.users (
    user_id integer NOT NULL,
    user_name character varying(100) NOT NULL,
    user_email character varying(100) NOT NULL,
    user_password character varying(255) NOT NULL,
    user_phone_no character varying(15) NOT NULL,
    user_address text NOT NULL,
    role character varying(20) NOT NULL,
    created_on timestamp without time zone
);


ALTER TABLE public.users OWNER TO parking_user;

--
-- Name: users_user_id_seq; Type: SEQUENCE; Schema: public; Owner: parking_user
--

CREATE SEQUENCE public.users_user_id_seq
    AS integer
    START WITH 1
    INCREMENT BY 1
    NO MINVALUE
    NO MAXVALUE
    CACHE 1;


ALTER SEQUENCE public.users_user_id_seq OWNER TO parking_user;

--
-- Name: users_user_id_seq; Type: SEQUENCE OWNED BY; Schema: public; Owner: parking_user
--

ALTER SEQUENCE public.users_user_id_seq OWNED BY public.users.user_id;


--
-- Name: admin_parking_lots id; Type: DEFAULT; Schema: public; Owner: parking_user
--

ALTER TABLE ONLY public.admin_parking_lots ALTER COLUMN id SET DEFAULT nextval('public.admin_parking_lots_id_seq'::regclass);


--
-- Name: admin_payment_ledger id; Type: DEFAULT; Schema: public; Owner: parking_user
--

ALTER TABLE ONLY public.admin_payment_ledger ALTER COLUMN id SET DEFAULT nextval('public.admin_payment_ledger_id_seq'::regclass);


--
-- Name: floors floor_id; Type: DEFAULT; Schema: public; Owner: parking_user
--

ALTER TABLE ONLY public.floors ALTER COLUMN floor_id SET DEFAULT nextval('public.floors_floor_id_seq'::regclass);


--
-- Name: parkinglots_details parkinglot_id; Type: DEFAULT; Schema: public; Owner: parking_user
--

ALTER TABLE ONLY public.parkinglots_details ALTER COLUMN parkinglot_id SET DEFAULT nextval('public.parkinglots_details_parkinglot_id_seq'::regclass);


--
-- Name: rows row_id; Type: DEFAULT; Schema: public; Owner: parking_user
--

ALTER TABLE ONLY public.rows ALTER COLUMN row_id SET DEFAULT nextval('public.rows_row_id_seq'::regclass);


--
-- Name: slots slot_id; Type: DEFAULT; Schema: public; Owner: parking_user
--

ALTER TABLE ONLY public.slots ALTER COLUMN slot_id SET DEFAULT nextval('public.slots_slot_id_seq'::regclass);


--
-- Name: users user_id; Type: DEFAULT; Schema: public; Owner: parking_user
--

ALTER TABLE ONLY public.users ALTER COLUMN user_id SET DEFAULT nextval('public.users_user_id_seq'::regclass);


--
-- Data for Name: admin_parking_lots; Type: TABLE DATA; Schema: public; Owner: parking_user
--

COPY public.admin_parking_lots (id, admin_id, parking_lot_id, assigned_date) FROM stdin;
1	10	1	2025-06-30
2	11	2	2025-07-05
3	12	3	2025-07-10
4	13	4	2025-07-15
5	14	5	2025-07-20
6	15	6	2025-07-25
7	16	7	2025-07-30
8	17	8	2025-08-04
9	18	9	2025-08-09
10	19	10	2025-08-14
\.


--
-- Data for Name: admin_payment_ledger; Type: TABLE DATA; Schema: public; Owner: parking_user
--

COPY public.admin_payment_ledger (id, admin_id, date, opening_balance, today_collection, payment_made, closing_balance) FROM stdin;
1	10	2025-09-23	0	2500	2000	500
2	11	2025-09-23	0	3100	2900	200
3	12	2025-09-23	0	2800	2500	300
4	13	2025-09-23	0	3300	3000	300
5	14	2025-09-23	0	4000	3500	500
6	15	2025-09-23	0	2100	1900	200
7	16	2025-09-23	0	2700	2400	300
8	17	2025-09-23	0	3600	3300	300
9	18	2025-09-23	0	2950	2800	150
10	19	2025-09-23	0	3100	2900	200
\.


--
-- Data for Name: alembic_version; Type: TABLE DATA; Schema: public; Owner: parking_user
--

COPY public.alembic_version (version_num) FROM stdin;
71f4f789416a
\.


--
-- Data for Name: floors; Type: TABLE DATA; Schema: public; Owner: parking_user
--

COPY public.floors (floor_id, floor_name, parkinglot_id) FROM stdin;
101	Ground	1
102	First	1
103	Second	1
201	Ground	2
202	First	2
203	Second	2
301	Ground	3
302	First	3
303	Second	3
401	Ground	4
402	First	4
403	Second	4
501	Ground	5
502	First	5
503	Second	5
601	Ground	6
602	First	6
603	Second	6
701	Ground	7
702	First	7
703	Second	7
801	Ground	8
802	First	8
803	Second	8
901	Ground	9
902	First	9
903	Second	9
1001	Ground	10
1002	First	10
1003	Second	10
\.


--
-- Data for Name: parking_sessions; Type: TABLE DATA; Schema: public; Owner: parking_user
--

COPY public.parking_sessions (ticket_id, parkinglot_id, floor_id, row_id, slot_id, vehicle_reg_no, user_id, start_time, end_time, duration_hrs, amount_paid, vehicle_type) FROM stdin;
TICKET-0001	1	101	1011	101101	MH107-XY0001	20	2025-07-04 07:59:01.211187	2025-08-11 18:40:01.211187	312.8500000000000000	-29370.00	Car
TICKET-0002	1	101	1011	101102	MH114-XY0002	21	2025-08-02 21:18:01.211187	2025-09-13 16:11:01.211187	2044.4833333333333333	-66000.00	Car
TICKET-0003	1	101	1011	101103	MH121-XY0003	22	2025-09-13 22:28:01.211187	2025-08-23 19:31:01.211187	-164.0666666666666667	8790.00	Two-Wheeler
TICKET-0004	1	101	1011	101104	MH128-XY0004	23	2025-09-20 18:53:01.211187	2025-07-23 16:54:01.211187	-70.7666666666666667	-18540.00	Car
TICKET-0005	1	101	1011	101105	MH135-XY0005	24	2025-07-18 20:34:01.211187	\N	316.0333333333333333	-54540.00	Car
TICKET-0006	1	101	1011	101106	MH142-XY0006	25	2025-07-27 04:34:01.211187	2025-07-26 17:33:01.211187	1225.0333333333333333	-77520.00	Two-Wheeler
TICKET-0007	1	101	1011	101107	MH149-XY0007	26	2025-09-11 16:56:01.211187	\N	-287.2666666666666667	15270.00	Car
TICKET-0008	1	101	1011	101108	MH156-XY0008	27	2025-09-22 05:39:01.211187	2025-07-07 18:02:01.211187	\N	-2040.00	Car
TICKET-0009	1	101	1011	101109	MH163-XY0009	28	2025-08-02 19:42:01.211187	2025-07-29 18:49:01.211187	1155.6666666666666667	90780.00	Car
TICKET-0010	1	101	1011	101110	MH170-XY0010	29	2025-07-17 20:42:01.211187	2025-09-20 19:29:01.211187	818.6666666666666667	-67560.00	Car
TICKET-0011	1	101	1011	101101	MH177-XY0011	20	2025-08-28 17:21:01.211187	2025-08-16 17:19:01.211187	-428.0333333333333333	23220.00	Car
TICKET-0012	1	101	1011	101102	MH184-XY0012	21	2025-06-29 13:12:01.211187	2025-08-14 19:36:01.211187	962.0833333333333333	66360.00	Car
TICKET-0013	1	101	1011	101103	MH191-XY0013	22	2025-07-25 05:00:01.211187	2025-07-22 18:58:01.211187	242.6000000000000000	23160.00	Car
TICKET-0014	1	101	1011	101104	MH198-XY0014	23	2025-08-03 20:02:01.211187	2025-08-02 17:46:01.211187	1801.9833333333333333	18840.00	Two-Wheeler
TICKET-0015	1	101	1011	101105	MH205-XY0015	24	2025-08-14 04:21:01.211187	2025-07-18 17:06:01.211187	1153.8000000000000000	47610.00	Two-Wheeler
TICKET-0016	1	101	1011	101106	MH212-XY0016	25	2025-07-25 05:33:01.211187	2025-09-13 18:00:01.211187	-260.4666666666666667	-4140.00	Car
TICKET-0017	1	101	1011	101107	MH219-XY0017	26	2025-07-16 01:13:01.211187	\N	577.4333333333333333	60.00	Car
TICKET-0018	1	101	1011	101108	MH226-XY0018	27	2025-09-16 10:49:01.211187	\N	-838.7000000000000000	39000.00	Car
TICKET-0019	1	101	1011	101109	MH233-XY0019	28	2025-07-17 03:28:01.211187	2025-09-07 18:22:01.211187	313.7666666666666667	3180.00	Car
TICKET-0020	1	101	1011	101110	MH240-XY0020	29	2025-08-10 04:12:01.211187	2025-08-31 19:32:01.211187	-187.6666666666666667	-44340.00	Car
TICKET-0021	1	101	1011	101101	MH247-XY0021	20	2025-07-13 07:04:01.211187	2025-09-19 18:29:01.211187	482.6000000000000000	33150.00	Car
TICKET-0022	1	101	1011	101102	MH254-XY0022	21	2025-06-29 23:05:01.211187	2025-08-09 16:19:01.211187	\N	95340.00	Car
TICKET-0023	1	101	1011	101103	MH261-XY0023	22	2025-08-06 22:58:01.211187	\N	\N	-84840.00	Car
TICKET-0024	1	101	1011	101104	MH268-XY0024	23	2025-07-23 00:53:01.211187	\N	-1246.9333333333333333	8070.00	Car
TICKET-0025	1	101	1011	101105	MH275-XY0025	24	2025-09-07 19:49:01.211187	2025-07-26 17:02:01.211187	-44.7666666666666667	-30000.00	Car
TICKET-0026	1	101	1011	101106	MH282-XY0026	25	2025-08-08 04:06:01.211187	2025-09-15 17:55:01.211187	-453.5500000000000000	-1200.00	Car
TICKET-0027	1	101	1011	101107	MH289-XY0027	26	2025-08-11 10:25:01.211187	2025-07-10 17:45:01.211187	-741.2166666666666667	4440.00	Car
TICKET-0028	1	101	1011	101108	MH296-XY0028	27	2025-07-04 05:00:01.211187	2025-07-19 18:28:01.211187	194.5333333333333333	-84720.00	Car
TICKET-0029	1	101	1011	101109	MH303-XY0029	28	2025-06-27 06:58:01.211187	2025-09-14 18:27:01.211187	146.2500000000000000	-69000.00	Car
TICKET-0030	1	101	1011	101110	MH310-XY0030	29	2025-09-11 18:55:01.211187	2025-09-19 17:22:01.211187	122.7166666666666667	27480.00	Car
TICKET-0031	1	101	1011	101101	MH317-XY0031	20	2025-08-29 07:45:01.211187	2025-09-20 16:49:01.211187	-68.7166666666666667	-55860.00	Two-Wheeler
TICKET-0032	1	101	1011	101102	MH324-XY0032	21	2025-09-07 14:24:01.211187	2025-07-02 18:31:01.211187	-550.7833333333333333	47820.00	Two-Wheeler
TICKET-0033	1	101	1011	101103	MH331-XY0033	22	2025-09-12 10:22:01.211187	2025-08-02 20:23:01.211187	-116.1000000000000000	67980.00	Car
TICKET-0034	1	101	1011	101104	MH338-XY0034	23	2025-08-14 17:34:01.211187	2025-06-26 18:44:01.211187	-502.5000000000000000	-109200.00	Two-Wheeler
TICKET-0035	1	101	1011	101105	MH345-XY0035	24	2025-09-15 16:42:01.211187	2025-09-01 16:04:01.211187	-1484.6833333333333333	-11220.00	Car
TICKET-0036	1	101	1011	101106	MH352-XY0036	25	2025-08-07 15:14:01.211187	2025-08-28 19:28:01.211187	-598.4166666666666667	18870.00	Two-Wheeler
TICKET-0037	1	101	1011	101107	MH359-XY0037	26	2025-09-16 07:14:01.211187	2025-08-29 19:58:01.211187	868.4833333333333333	-30870.00	Two-Wheeler
TICKET-0038	1	101	1011	101108	MH366-XY0038	27	2025-07-31 07:06:01.211187	2025-09-23 19:44:01.211187	-238.3000000000000000	-23640.00	Two-Wheeler
TICKET-0039	1	101	1011	101109	MH373-XY0039	28	2025-08-18 18:34:01.211187	2025-07-07 17:43:01.211187	818.5500000000000000	26160.00	Car
TICKET-0040	1	101	1011	101110	MH380-XY0040	29	2025-06-30 05:21:01.211187	2025-07-23 19:41:01.211187	1585.4500000000000000	8010.00	Two-Wheeler
TICKET-0041	1	101	1011	101101	MH387-XY0041	20	2025-09-14 01:55:01.211187	2025-09-15 19:03:01.211187	291.8333333333333333	30420.00	Car
TICKET-0042	1	101	1011	101102	MH394-XY0042	21	2025-07-22 02:05:01.211187	2025-07-06 19:33:01.211187	-95.4166666666666667	10110.00	Car
TICKET-0043	1	101	1011	101103	MH401-XY0043	22	2025-08-16 05:54:01.211187	\N	-575.1500000000000000	-22920.00	Car
TICKET-0044	1	101	1011	101104	MH408-XY0044	23	2025-08-31 22:59:01.211187	2025-07-11 19:18:01.211187	-359.4333333333333333	53340.00	Two-Wheeler
TICKET-0045	1	101	1011	101105	MH415-XY0045	24	2025-07-31 09:23:01.211187	2025-09-02 17:28:01.211187	-548.9000000000000000	28980.00	Two-Wheeler
TICKET-0046	1	101	1011	101106	MH422-XY0046	25	2025-08-13 05:19:01.211187	2025-08-25 18:40:01.211187	-382.2500000000000000	10200.00	Car
TICKET-0047	1	101	1011	101107	MH429-XY0047	26	2025-07-20 17:32:01.211187	2025-06-30 16:15:01.211187	123.0666666666666667	103920.00	Car
TICKET-0048	1	101	1011	101108	MH436-XY0048	27	2025-08-04 20:29:01.211187	2025-09-09 18:52:01.211187	-1171.0833333333333333	-45840.00	Two-Wheeler
TICKET-0049	1	101	1011	101109	MH443-XY0049	28	2025-07-25 04:38:01.211187	\N	-862.5666666666666667	-15000.00	Car
TICKET-0050	1	101	1011	101110	MH450-XY0050	29	2025-08-18 13:03:01.211187	2025-07-12 16:06:01.211187	-357.2666666666666667	24720.00	Car
TICKET-0051	1	101	1011	101101	MH457-XY0051	20	2025-09-08 16:05:01.211187	2025-06-26 19:18:01.211187	-116.7333333333333333	-60300.00	Two-Wheeler
TICKET-0052	1	101	1011	101102	MH464-XY0052	21	2025-07-19 01:45:01.211187	2025-09-23 16:12:01.211187	410.5500000000000000	-55980.00	Car
TICKET-0053	1	101	1011	101103	MH471-XY0053	22	2025-08-07 06:19:01.211187	\N	-766.1666666666666667	-97680.00	Car
TICKET-0054	1	101	1011	101104	MH478-XY0054	23	2025-08-07 21:19:01.211187	\N	\N	-5520.00	Car
TICKET-0055	1	101	1011	101105	MH485-XY0055	24	2025-07-06 05:17:01.211187	2025-08-20 19:09:01.211187	577.0333333333333333	11760.00	Car
TICKET-0056	1	101	1011	101106	MH492-XY0056	25	2025-07-17 05:21:01.211187	2025-07-11 19:57:01.211187	-931.2000000000000000	-34500.00	Two-Wheeler
TICKET-0057	1	101	1011	101107	MH499-XY0057	26	2025-09-03 19:15:01.211187	2025-07-27 19:46:01.211187	-1197.7333333333333333	8940.00	Two-Wheeler
TICKET-0058	1	101	1011	101108	MH506-XY0058	27	2025-06-30 18:13:01.211187	2025-07-18 19:57:01.211187	-1918.8000000000000000	28980.00	Two-Wheeler
TICKET-0059	1	101	1011	101109	MH513-XY0059	28	2025-09-22 00:27:01.211187	2025-07-18 17:45:01.211187	795.4500000000000000	-86160.00	Car
TICKET-0060	1	101	1011	101110	MH520-XY0060	29	2025-07-29 20:01:01.211187	2025-06-29 19:56:01.211187	-1246.5666666666666667	-4140.00	Car
TICKET-0061	1	101	1011	101101	MH527-XY0061	20	2025-09-01 09:56:01.211187	\N	1489.9833333333333333	240.00	Two-Wheeler
TICKET-0062	1	101	1011	101102	MH534-XY0062	21	2025-07-27 21:31:01.211187	\N	-1030.6833333333333333	18060.00	Car
TICKET-0063	1	101	1011	101103	MH541-XY0063	22	2025-07-11 00:49:01.211187	2025-08-19 18:28:01.211187	\N	59160.00	Car
TICKET-0064	1	101	1011	101104	MH548-XY0064	23	2025-08-17 10:10:01.211187	2025-07-15 18:25:01.211187	-838.2666666666666667	49080.00	Car
TICKET-0065	1	101	1011	101105	MH555-XY0065	24	2025-08-01 23:04:01.211187	2025-07-08 18:13:01.211187	243.3333333333333333	3000.00	Car
TICKET-0066	1	101	1011	101106	MH562-XY0066	25	2025-07-01 20:40:01.211187	2025-07-14 19:43:01.211187	-643.5833333333333333	15990.00	Car
TICKET-0067	1	101	1011	101107	MH569-XY0067	26	2025-08-30 12:30:01.211187	\N	675.5500000000000000	49080.00	Two-Wheeler
TICKET-0068	1	101	1011	101108	MH576-XY0068	27	2025-09-13 05:54:01.211187	2025-07-01 18:36:01.211187	-189.6500000000000000	-25680.00	Car
TICKET-0069	1	101	1011	101109	MH583-XY0069	28	2025-09-20 19:49:01.211187	2025-09-05 20:21:01.211187	-1318.6666666666666667	108180.00	Two-Wheeler
TICKET-0070	1	101	1011	101110	MH590-XY0070	29	2025-07-10 07:44:01.211187	2025-08-13 17:35:01.211187	123.7000000000000000	8700.00	Car
TICKET-0071	1	101	1011	101101	MH597-XY0071	20	2025-08-11 06:02:01.211187	2025-07-12 16:38:01.211187	723.1833333333333333	-112200.00	Car
TICKET-0072	1	101	1011	101102	MH604-XY0072	21	2025-09-20 05:53:01.211187	2025-08-28 18:58:01.211187	\N	-45960.00	Car
TICKET-0073	1	101	1011	101103	MH611-XY0073	22	2025-07-24 12:54:01.211187	2025-07-03 17:54:01.211187	\N	-20040.00	Two-Wheeler
TICKET-0074	1	101	1011	101104	MH618-XY0074	23	2025-06-28 14:51:01.211187	2025-08-08 19:29:01.211187	-310.9833333333333333	-40080.00	Two-Wheeler
TICKET-0075	1	101	1011	101105	MH625-XY0075	24	2025-09-11 10:43:01.211187	2025-08-23 20:10:01.211187	-1006.5166666666666667	-17160.00	Car
TICKET-0076	1	101	1011	101106	MH632-XY0076	25	2025-08-14 13:42:01.211187	2025-09-06 19:06:01.211187	-836.9000000000000000	-38010.00	Car
TICKET-0077	1	101	1011	101107	MH639-XY0077	26	2025-07-23 23:17:01.211187	2025-09-19 18:41:01.211187	626.1000000000000000	-32250.00	Car
TICKET-0078	1	101	1011	101108	MH646-XY0078	27	2025-06-26 13:11:01.211187	2025-09-03 19:23:01.211187	-310.2333333333333333	-48660.00	Car
TICKET-0079	1	101	1011	101109	MH653-XY0079	28	2025-07-26 08:15:01.211187	2025-09-04 19:46:01.211187	963.6333333333333333	4380.00	Car
TICKET-0080	1	101	1011	101110	MH660-XY0080	29	2025-09-21 18:20:01.211187	2025-07-10 20:29:01.211187	-719.5000000000000000	49200.00	Car
TICKET-0081	1	101	1011	101101	MH667-XY0081	20	2025-07-31 09:34:01.211187	2025-09-03 19:42:01.211187	1154.3166666666666667	-17040.00	Car
TICKET-0082	1	101	1011	101102	MH674-XY0082	21	2025-08-18 00:52:01.211187	2025-06-30 18:05:01.211187	\N	-28680.00	Car
TICKET-0083	1	101	1011	101103	MH681-XY0083	22	2025-08-26 01:19:01.211187	2025-07-20 17:17:01.211187	-236.0833333333333333	-54660.00	Two-Wheeler
TICKET-0084	1	101	1011	101104	MH688-XY0084	23	2025-06-27 06:38:01.211187	2025-09-22 18:24:01.211187	700.7666666666666667	13740.00	Car
TICKET-0085	1	101	1011	101105	MH695-XY0085	24	2025-09-19 23:33:01.211187	2025-07-27 19:04:01.211187	-1053.9000000000000000	-28680.00	Two-Wheeler
TICKET-0086	1	101	1011	101106	MH702-XY0086	25	2025-09-13 05:40:01.211187	2025-09-16 20:13:01.211187	-931.6833333333333333	50640.00	Car
TICKET-0087	1	101	1011	101107	MH709-XY0087	26	2025-07-05 14:30:01.211187	2025-07-08 16:13:01.211187	193.1666666666666667	10320.00	Car
TICKET-0088	1	101	1011	101108	MH716-XY0088	27	2025-09-02 07:52:01.211187	\N	28.7666666666666667	72240.00	Car
TICKET-0089	1	101	1011	101109	MH723-XY0089	28	2025-07-05 19:05:01.211187	2025-08-05 16:26:01.211187	-357.1666666666666667	24720.00	Car
TICKET-0090	1	101	1011	101110	MH730-XY0090	29	2025-08-17 02:21:01.211187	2025-06-30 18:33:01.211187	\N	-53040.00	Car
TICKET-0091	1	101	1011	101101	MH737-XY0091	20	2025-09-03 04:07:01.211187	2025-07-11 16:29:01.211187	363.5000000000000000	-7020.00	Two-Wheeler
TICKET-0092	1	101	1011	101102	MH744-XY0092	21	2025-09-08 15:40:01.211187	2025-07-14 18:44:01.211187	169.9333333333333333	23220.00	Car
TICKET-0093	1	101	1011	101103	MH751-XY0093	22	2025-08-02 15:07:01.211187	\N	1130.4333333333333333	-24300.00	Two-Wheeler
TICKET-0094	1	101	1011	101104	MH758-XY0094	23	2025-07-08 23:46:01.211187	\N	1176.5166666666666667	10830.00	Car
TICKET-0095	1	101	1011	101105	MH765-XY0095	24	2025-07-03 19:41:01.211187	2025-07-27 16:52:01.211187	-69.7333333333333333	-2700.00	Car
TICKET-0096	1	101	1011	101106	MH772-XY0096	25	2025-07-03 04:08:01.211187	2025-08-05 19:34:01.211187	1346.4833333333333333	16020.00	Car
TICKET-0097	1	101	1011	101107	MH779-XY0097	26	2025-08-12 15:44:01.211187	2025-08-07 18:10:01.211187	\N	57630.00	Car
TICKET-0098	1	101	1011	101108	MH786-XY0098	27	2025-08-19 03:55:01.211187	2025-08-08 20:20:01.211187	169.4166666666666667	-34470.00	Car
TICKET-0099	1	101	1011	101109	MH793-XY0099	28	2025-08-20 21:29:01.211187	2025-07-01 18:34:01.211187	-261.0500000000000000	-7050.00	Car
TICKET-0100	1	101	1011	101110	MH800-XY0100	29	2025-08-01 12:44:01.211187	2025-09-13 18:56:01.211187	\N	51270.00	Car
\.


--
-- Data for Name: parkinglots_details; Type: TABLE DATA; Schema: public; Owner: parking_user
--

COPY public.parkinglots_details (parkinglot_id, parking_name, city, landmark, address, latitude, longitude, physical_appearance, parking_ownership, parking_surface, has_cctv, has_boom_barrier, ticket_generated, entry_exit_gates, weekly_off, parking_timing, vehicle_types, car_capacity, available_car_slots, two_wheeler_capacity, available_two_wheeler_slots, parking_type, payment_modes, car_parking_charge, two_wheeler_parking_charge, allows_prepaid_passes, provides_valet_services, value_added_services) FROM stdin;
1	Nariman Point Parking	Mumbai	Near Marine Drive	Nariman Point, Mumbai	18.920388	72.830130	Multi-level	Private	Concrete	Yes	Yes	Yes	Separate	None	24/7	car,motorcycle	50	15	30	10	commercial	cash,card,digital	50 for first 2 hours, 20 thereafter	20 for first 2 hours, 10 thereafter	Yes	No	CCTV, Security, Washroom
2	Bandra West Parking	Mumbai	Near Linking Road	Bandra West, Mumbai	19.0520	72.8300	Open-lot	Private	Asphalt	Yes	No	No	Multiple	Sunday	08:00-22:00	car,motorcycle	80	40	60	25	commercial	cash,card	40 per 2 hours	15 per 2 hours	Yes	Yes	CCTV, Security
3	Andheri East Multi	Mumbai	Near Airport	Andheri East, Mumbai	19.0896	72.8656	Multi-level	Private	Concrete	Yes	Yes	Yes	Separate	Sunday	24/7	car,motorcycle	120	70	80	30	commercial	card,digital	60 for first 2 hours, 25 thereafter	25 for first 2 hours, 12 thereafter	Yes	Yes	CCTV, Valet
4	MG Road Parking	Bengaluru	Near MG Road	MG Road, Bengaluru	12.9721	77.5933	Multi-level	Private	Concrete	Yes	Yes	Yes	Separate	None	07:00-23:00	car,motorcycle	100	50	50	20	commercial	cash,card,digital	50 for first 2 hours, 20 thereafter	20 for first 2 hours, 10 thereafter	Yes	No	CCTV, Security, EV Charging
5	Koramangala Parking	Bengaluru	Near Forum Mall	Koramangala, Bengaluru	12.9346	77.6140	Open-lot	Private	Asphalt	No	No	No	Multiple	Sunday	09:00-22:00	car,motorcycle	70	30	60	20	commercial	cash,card	40 flat	15 flat	No	No	Security
6	DLF Cyber Hub Parking	Gurgaon	Near Cyber Hub	DLF Cyber Hub, Gurgaon	28.5046	77.0891	Multi-level	Private	Concrete	Yes	Yes	Yes	Separate	Sunday	10:00-02:00	car,motorcycle	150	120	100	70	commercial	card,digital	80 for first 2 hours	30 for first 2 hours	Yes	Yes	CCTV, Valet, EV
7	Connaught Place Parking	New Delhi	Near CP	Connaught Place, New Delhi	28.6329	77.2188	Underground	Public	Concrete	Yes	Yes	Yes	Separate	None	24/7	car,motorcycle	200	150	80	50	commercial	cash,card,digital	100 for first 3 hours	40 for first 3 hours	Yes	No	CCTV, Security, EV
8	Park Street Parking	Kolkata	Near Park Street	Park Street, Kolkata	22.5597	88.3636	Multi-level	Private	Concrete	Yes	No	Yes	Separate	Sunday	08:00-23:00	car,motorcycle	90	45	50	20	commercial	cash,card	45 for first 2 hours	18 for first 2 hours	Yes	No	CCTV, Security
9	Pune Camp Parking	Pune	Near Pune Station	Pune Camp, Pune	18.5204	73.8567	Open-lot	Private	Asphalt	No	No	No	Multiple	Sunday	06:00-23:00	car,motorcycle	60	20	40	10	commercial	cash	30 flat	10 flat	No	No	Security
10	Chennai Marina Parking	Chennai	Near Marina Beach	Marina Beach, Chennai	13.0489	80.2824	Multi-level	Private	Concrete	Yes	Yes	Yes	Separate	None	24/7	car,motorcycle	110	70	60	30	commercial	card,digital	55 for first 2 hours	22 for first 2 hours	Yes	Yes	CCTV, Security, Valet
\.


--
-- Data for Name: rows; Type: TABLE DATA; Schema: public; Owner: parking_user
--

COPY public.rows (row_id, row_name, floor_id, parkinglot_id) FROM stdin;
1011	Row-A	101	1
1012	Row-B	101	1
1013	Row-C	101	1
1014	Row-D	101	1
1021	Row-A	102	1
1022	Row-B	102	1
1023	Row-C	102	1
1024	Row-D	102	1
1031	Row-A	103	1
1032	Row-B	103	1
1033	Row-C	103	1
1034	Row-D	103	1
2011	Row-A	201	2
2012	Row-B	201	2
2013	Row-C	201	2
2014	Row-D	201	2
2021	Row-A	202	2
2022	Row-B	202	2
2023	Row-C	202	2
2024	Row-D	202	2
2031	Row-A	203	2
2032	Row-B	203	2
2033	Row-C	203	2
2034	Row-D	203	2
3011	Row-A	301	3
3012	Row-B	301	3
3013	Row-C	301	3
3014	Row-D	301	3
3021	Row-A	302	3
3022	Row-B	302	3
3023	Row-C	302	3
3024	Row-D	302	3
3031	Row-A	303	3
3032	Row-B	303	3
3033	Row-C	303	3
3034	Row-D	303	3
4011	Row-A	401	4
4012	Row-B	401	4
4013	Row-C	401	4
4014	Row-D	401	4
4021	Row-A	402	4
4022	Row-B	402	4
4023	Row-C	402	4
4024	Row-D	402	4
4031	Row-A	403	4
4032	Row-B	403	4
4033	Row-C	403	4
4034	Row-D	403	4
5011	Row-A	501	5
5012	Row-B	501	5
5013	Row-C	501	5
5014	Row-D	501	5
5021	Row-A	502	5
5022	Row-B	502	5
5023	Row-C	502	5
5024	Row-D	502	5
5031	Row-A	503	5
5032	Row-B	503	5
5033	Row-C	503	5
5034	Row-D	503	5
6011	Row-A	601	6
6012	Row-B	601	6
6013	Row-C	601	6
6014	Row-D	601	6
6021	Row-A	602	6
6022	Row-B	602	6
6023	Row-C	602	6
6024	Row-D	602	6
6031	Row-A	603	6
6032	Row-B	603	6
6033	Row-C	603	6
6034	Row-D	603	6
7011	Row-A	701	7
7012	Row-B	701	7
7013	Row-C	701	7
7014	Row-D	701	7
7021	Row-A	702	7
7022	Row-B	702	7
7023	Row-C	702	7
7024	Row-D	702	7
7031	Row-A	703	7
7032	Row-B	703	7
7033	Row-C	703	7
7034	Row-D	703	7
8011	Row-A	801	8
8012	Row-B	801	8
8013	Row-C	801	8
8014	Row-D	801	8
8021	Row-A	802	8
8022	Row-B	802	8
8023	Row-C	802	8
8024	Row-D	802	8
8031	Row-A	803	8
8032	Row-B	803	8
8033	Row-C	803	8
8034	Row-D	803	8
9011	Row-A	901	9
9012	Row-B	901	9
9013	Row-C	901	9
9014	Row-D	901	9
9021	Row-A	902	9
9022	Row-B	902	9
9023	Row-C	902	9
9024	Row-D	902	9
9031	Row-A	903	9
9032	Row-B	903	9
9033	Row-C	903	9
9034	Row-D	903	9
10011	Row-A	1001	10
10012	Row-B	1001	10
10013	Row-C	1001	10
10014	Row-D	1001	10
10021	Row-A	1002	10
10022	Row-B	1002	10
10023	Row-C	1002	10
10024	Row-D	1002	10
10031	Row-A	1003	10
10032	Row-B	1003	10
10033	Row-C	1003	10
10034	Row-D	1003	10
\.


--
-- Data for Name: slots; Type: TABLE DATA; Schema: public; Owner: parking_user
--

COPY public.slots (slot_id, slot_name, status, vehicle_reg_no, ticket_id, row_id, floor_id, parkinglot_id) FROM stdin;
101101	S1	0	\N	\N	1011	101	1
101102	S2	0	\N	\N	1011	101	1
101103	S3	0	\N	\N	1011	101	1
101104	S4	0	\N	\N	1011	101	1
101105	S5	0	\N	\N	1011	101	1
101106	S6	0	\N	\N	1011	101	1
101107	S7	0	\N	\N	1011	101	1
101108	S8	0	\N	\N	1011	101	1
101109	S9	0	\N	\N	1011	101	1
101110	S10	0	\N	\N	1011	101	1
101201	S1	0	\N	\N	1012	101	1
101202	S2	0	\N	\N	1012	101	1
101203	S3	0	\N	\N	1012	101	1
101204	S4	0	\N	\N	1012	101	1
101205	S5	0	\N	\N	1012	101	1
101206	S6	0	\N	\N	1012	101	1
101207	S7	0	\N	\N	1012	101	1
101208	S8	0	\N	\N	1012	101	1
101209	S9	0	\N	\N	1012	101	1
101210	S10	0	\N	\N	1012	101	1
101301	S1	0	\N	\N	1013	101	1
101302	S2	0	\N	\N	1013	101	1
101303	S3	0	\N	\N	1013	101	1
101304	S4	0	\N	\N	1013	101	1
101305	S5	0	\N	\N	1013	101	1
101306	S6	0	\N	\N	1013	101	1
101307	S7	0	\N	\N	1013	101	1
101308	S8	0	\N	\N	1013	101	1
101309	S9	0	\N	\N	1013	101	1
101310	S10	0	\N	\N	1013	101	1
101401	S1	0	\N	\N	1014	101	1
101402	S2	0	\N	\N	1014	101	1
101403	S3	0	\N	\N	1014	101	1
101404	S4	0	\N	\N	1014	101	1
101405	S5	0	\N	\N	1014	101	1
101406	S6	0	\N	\N	1014	101	1
101407	S7	0	\N	\N	1014	101	1
101408	S8	0	\N	\N	1014	101	1
101409	S9	0	\N	\N	1014	101	1
101410	S10	0	\N	\N	1014	101	1
102101	S1	0	\N	\N	1021	102	1
102102	S2	0	\N	\N	1021	102	1
102103	S3	0	\N	\N	1021	102	1
102104	S4	0	\N	\N	1021	102	1
102105	S5	0	\N	\N	1021	102	1
102106	S6	0	\N	\N	1021	102	1
102107	S7	0	\N	\N	1021	102	1
102108	S8	0	\N	\N	1021	102	1
102109	S9	0	\N	\N	1021	102	1
102110	S10	0	\N	\N	1021	102	1
102201	S1	0	\N	\N	1022	102	1
102202	S2	0	\N	\N	1022	102	1
102203	S3	0	\N	\N	1022	102	1
102204	S4	0	\N	\N	1022	102	1
102205	S5	0	\N	\N	1022	102	1
102206	S6	0	\N	\N	1022	102	1
102207	S7	0	\N	\N	1022	102	1
102208	S8	0	\N	\N	1022	102	1
102209	S9	0	\N	\N	1022	102	1
102210	S10	0	\N	\N	1022	102	1
102301	S1	0	\N	\N	1023	102	1
102302	S2	0	\N	\N	1023	102	1
102303	S3	0	\N	\N	1023	102	1
102304	S4	0	\N	\N	1023	102	1
102305	S5	0	\N	\N	1023	102	1
102306	S6	0	\N	\N	1023	102	1
102307	S7	0	\N	\N	1023	102	1
102308	S8	0	\N	\N	1023	102	1
102309	S9	0	\N	\N	1023	102	1
102310	S10	0	\N	\N	1023	102	1
102401	S1	0	\N	\N	1024	102	1
102402	S2	0	\N	\N	1024	102	1
102403	S3	0	\N	\N	1024	102	1
102404	S4	0	\N	\N	1024	102	1
102405	S5	0	\N	\N	1024	102	1
102406	S6	0	\N	\N	1024	102	1
102407	S7	0	\N	\N	1024	102	1
102408	S8	0	\N	\N	1024	102	1
102409	S9	0	\N	\N	1024	102	1
102410	S10	0	\N	\N	1024	102	1
103101	S1	0	\N	\N	1031	103	1
103102	S2	0	\N	\N	1031	103	1
103103	S3	0	\N	\N	1031	103	1
103104	S4	0	\N	\N	1031	103	1
103105	S5	0	\N	\N	1031	103	1
103106	S6	0	\N	\N	1031	103	1
103107	S7	0	\N	\N	1031	103	1
103108	S8	0	\N	\N	1031	103	1
103109	S9	0	\N	\N	1031	103	1
103110	S10	0	\N	\N	1031	103	1
103201	S1	0	\N	\N	1032	103	1
103202	S2	0	\N	\N	1032	103	1
103203	S3	0	\N	\N	1032	103	1
103204	S4	0	\N	\N	1032	103	1
103205	S5	0	\N	\N	1032	103	1
103206	S6	0	\N	\N	1032	103	1
103207	S7	0	\N	\N	1032	103	1
103208	S8	0	\N	\N	1032	103	1
103209	S9	0	\N	\N	1032	103	1
103210	S10	0	\N	\N	1032	103	1
103301	S1	0	\N	\N	1033	103	1
103302	S2	0	\N	\N	1033	103	1
103303	S3	0	\N	\N	1033	103	1
103304	S4	0	\N	\N	1033	103	1
103305	S5	0	\N	\N	1033	103	1
103306	S6	0	\N	\N	1033	103	1
103307	S7	0	\N	\N	1033	103	1
103308	S8	0	\N	\N	1033	103	1
103309	S9	0	\N	\N	1033	103	1
103310	S10	0	\N	\N	1033	103	1
103401	S1	0	\N	\N	1034	103	1
103402	S2	0	\N	\N	1034	103	1
103403	S3	0	\N	\N	1034	103	1
103404	S4	0	\N	\N	1034	103	1
103405	S5	0	\N	\N	1034	103	1
103406	S6	0	\N	\N	1034	103	1
103407	S7	0	\N	\N	1034	103	1
103408	S8	0	\N	\N	1034	103	1
103409	S9	0	\N	\N	1034	103	1
103410	S10	0	\N	\N	1034	103	1
201101	S1	0	\N	\N	2011	201	2
201102	S2	0	\N	\N	2011	201	2
201103	S3	0	\N	\N	2011	201	2
201104	S4	0	\N	\N	2011	201	2
201105	S5	0	\N	\N	2011	201	2
201106	S6	0	\N	\N	2011	201	2
201107	S7	0	\N	\N	2011	201	2
201108	S8	0	\N	\N	2011	201	2
201109	S9	0	\N	\N	2011	201	2
201110	S10	0	\N	\N	2011	201	2
201201	S1	0	\N	\N	2012	201	2
201202	S2	0	\N	\N	2012	201	2
201203	S3	0	\N	\N	2012	201	2
201204	S4	0	\N	\N	2012	201	2
201205	S5	0	\N	\N	2012	201	2
201206	S6	0	\N	\N	2012	201	2
201207	S7	0	\N	\N	2012	201	2
201208	S8	0	\N	\N	2012	201	2
201209	S9	0	\N	\N	2012	201	2
201210	S10	0	\N	\N	2012	201	2
201301	S1	0	\N	\N	2013	201	2
201302	S2	0	\N	\N	2013	201	2
201303	S3	0	\N	\N	2013	201	2
201304	S4	0	\N	\N	2013	201	2
201305	S5	0	\N	\N	2013	201	2
201306	S6	0	\N	\N	2013	201	2
201307	S7	0	\N	\N	2013	201	2
201308	S8	0	\N	\N	2013	201	2
201309	S9	0	\N	\N	2013	201	2
201310	S10	0	\N	\N	2013	201	2
201401	S1	0	\N	\N	2014	201	2
201402	S2	0	\N	\N	2014	201	2
201403	S3	0	\N	\N	2014	201	2
201404	S4	0	\N	\N	2014	201	2
201405	S5	0	\N	\N	2014	201	2
201406	S6	0	\N	\N	2014	201	2
201407	S7	0	\N	\N	2014	201	2
201408	S8	0	\N	\N	2014	201	2
201409	S9	0	\N	\N	2014	201	2
201410	S10	0	\N	\N	2014	201	2
202101	S1	0	\N	\N	2021	202	2
202102	S2	0	\N	\N	2021	202	2
202103	S3	0	\N	\N	2021	202	2
202104	S4	0	\N	\N	2021	202	2
202105	S5	0	\N	\N	2021	202	2
202106	S6	0	\N	\N	2021	202	2
202107	S7	0	\N	\N	2021	202	2
202108	S8	0	\N	\N	2021	202	2
202109	S9	0	\N	\N	2021	202	2
202110	S10	0	\N	\N	2021	202	2
202201	S1	0	\N	\N	2022	202	2
202202	S2	0	\N	\N	2022	202	2
202203	S3	0	\N	\N	2022	202	2
202204	S4	0	\N	\N	2022	202	2
202205	S5	0	\N	\N	2022	202	2
202206	S6	0	\N	\N	2022	202	2
202207	S7	0	\N	\N	2022	202	2
202208	S8	0	\N	\N	2022	202	2
202209	S9	0	\N	\N	2022	202	2
202210	S10	0	\N	\N	2022	202	2
202301	S1	0	\N	\N	2023	202	2
202302	S2	0	\N	\N	2023	202	2
202303	S3	0	\N	\N	2023	202	2
202304	S4	0	\N	\N	2023	202	2
202305	S5	0	\N	\N	2023	202	2
202306	S6	0	\N	\N	2023	202	2
202307	S7	0	\N	\N	2023	202	2
202308	S8	0	\N	\N	2023	202	2
202309	S9	0	\N	\N	2023	202	2
202310	S10	0	\N	\N	2023	202	2
202401	S1	0	\N	\N	2024	202	2
202402	S2	0	\N	\N	2024	202	2
202403	S3	0	\N	\N	2024	202	2
202404	S4	0	\N	\N	2024	202	2
202405	S5	0	\N	\N	2024	202	2
202406	S6	0	\N	\N	2024	202	2
202407	S7	0	\N	\N	2024	202	2
202408	S8	0	\N	\N	2024	202	2
202409	S9	0	\N	\N	2024	202	2
202410	S10	0	\N	\N	2024	202	2
203101	S1	0	\N	\N	2031	203	2
203102	S2	0	\N	\N	2031	203	2
203103	S3	0	\N	\N	2031	203	2
203104	S4	0	\N	\N	2031	203	2
203105	S5	0	\N	\N	2031	203	2
203106	S6	0	\N	\N	2031	203	2
203107	S7	0	\N	\N	2031	203	2
203108	S8	0	\N	\N	2031	203	2
203109	S9	0	\N	\N	2031	203	2
203110	S10	0	\N	\N	2031	203	2
203201	S1	0	\N	\N	2032	203	2
203202	S2	0	\N	\N	2032	203	2
203203	S3	0	\N	\N	2032	203	2
203204	S4	0	\N	\N	2032	203	2
203205	S5	0	\N	\N	2032	203	2
203206	S6	0	\N	\N	2032	203	2
203207	S7	0	\N	\N	2032	203	2
203208	S8	0	\N	\N	2032	203	2
203209	S9	0	\N	\N	2032	203	2
203210	S10	0	\N	\N	2032	203	2
203301	S1	0	\N	\N	2033	203	2
203302	S2	0	\N	\N	2033	203	2
203303	S3	0	\N	\N	2033	203	2
203304	S4	0	\N	\N	2033	203	2
203305	S5	0	\N	\N	2033	203	2
203306	S6	0	\N	\N	2033	203	2
203307	S7	0	\N	\N	2033	203	2
203308	S8	0	\N	\N	2033	203	2
203309	S9	0	\N	\N	2033	203	2
203310	S10	0	\N	\N	2033	203	2
203401	S1	0	\N	\N	2034	203	2
203402	S2	0	\N	\N	2034	203	2
203403	S3	0	\N	\N	2034	203	2
203404	S4	0	\N	\N	2034	203	2
203405	S5	0	\N	\N	2034	203	2
203406	S6	0	\N	\N	2034	203	2
203407	S7	0	\N	\N	2034	203	2
203408	S8	0	\N	\N	2034	203	2
203409	S9	0	\N	\N	2034	203	2
203410	S10	0	\N	\N	2034	203	2
301101	S1	0	\N	\N	3011	301	3
301102	S2	0	\N	\N	3011	301	3
301103	S3	0	\N	\N	3011	301	3
301104	S4	0	\N	\N	3011	301	3
301105	S5	0	\N	\N	3011	301	3
301106	S6	0	\N	\N	3011	301	3
301107	S7	0	\N	\N	3011	301	3
301108	S8	0	\N	\N	3011	301	3
301109	S9	0	\N	\N	3011	301	3
301110	S10	0	\N	\N	3011	301	3
301201	S1	0	\N	\N	3012	301	3
301202	S2	0	\N	\N	3012	301	3
301203	S3	0	\N	\N	3012	301	3
301204	S4	0	\N	\N	3012	301	3
301205	S5	0	\N	\N	3012	301	3
301206	S6	0	\N	\N	3012	301	3
301207	S7	0	\N	\N	3012	301	3
301208	S8	0	\N	\N	3012	301	3
301209	S9	0	\N	\N	3012	301	3
301210	S10	0	\N	\N	3012	301	3
301301	S1	0	\N	\N	3013	301	3
301302	S2	0	\N	\N	3013	301	3
301303	S3	0	\N	\N	3013	301	3
301304	S4	0	\N	\N	3013	301	3
301305	S5	0	\N	\N	3013	301	3
301306	S6	0	\N	\N	3013	301	3
301307	S7	0	\N	\N	3013	301	3
301308	S8	0	\N	\N	3013	301	3
301309	S9	0	\N	\N	3013	301	3
301310	S10	0	\N	\N	3013	301	3
301401	S1	0	\N	\N	3014	301	3
301402	S2	0	\N	\N	3014	301	3
301403	S3	0	\N	\N	3014	301	3
301404	S4	0	\N	\N	3014	301	3
301405	S5	0	\N	\N	3014	301	3
301406	S6	0	\N	\N	3014	301	3
301407	S7	0	\N	\N	3014	301	3
301408	S8	0	\N	\N	3014	301	3
301409	S9	0	\N	\N	3014	301	3
301410	S10	0	\N	\N	3014	301	3
302101	S1	0	\N	\N	3021	302	3
302102	S2	0	\N	\N	3021	302	3
302103	S3	0	\N	\N	3021	302	3
302104	S4	0	\N	\N	3021	302	3
302105	S5	0	\N	\N	3021	302	3
302106	S6	0	\N	\N	3021	302	3
302107	S7	0	\N	\N	3021	302	3
302108	S8	0	\N	\N	3021	302	3
302109	S9	0	\N	\N	3021	302	3
302110	S10	0	\N	\N	3021	302	3
302201	S1	0	\N	\N	3022	302	3
302202	S2	0	\N	\N	3022	302	3
302203	S3	0	\N	\N	3022	302	3
302204	S4	0	\N	\N	3022	302	3
302205	S5	0	\N	\N	3022	302	3
302206	S6	0	\N	\N	3022	302	3
302207	S7	0	\N	\N	3022	302	3
302208	S8	0	\N	\N	3022	302	3
302209	S9	0	\N	\N	3022	302	3
302210	S10	0	\N	\N	3022	302	3
302301	S1	0	\N	\N	3023	302	3
302302	S2	0	\N	\N	3023	302	3
302303	S3	0	\N	\N	3023	302	3
302304	S4	0	\N	\N	3023	302	3
302305	S5	0	\N	\N	3023	302	3
302306	S6	0	\N	\N	3023	302	3
302307	S7	0	\N	\N	3023	302	3
302308	S8	0	\N	\N	3023	302	3
302309	S9	0	\N	\N	3023	302	3
302310	S10	0	\N	\N	3023	302	3
302401	S1	0	\N	\N	3024	302	3
302402	S2	0	\N	\N	3024	302	3
302403	S3	0	\N	\N	3024	302	3
302404	S4	0	\N	\N	3024	302	3
302405	S5	0	\N	\N	3024	302	3
302406	S6	0	\N	\N	3024	302	3
302407	S7	0	\N	\N	3024	302	3
302408	S8	0	\N	\N	3024	302	3
302409	S9	0	\N	\N	3024	302	3
302410	S10	0	\N	\N	3024	302	3
303101	S1	0	\N	\N	3031	303	3
303102	S2	0	\N	\N	3031	303	3
303103	S3	0	\N	\N	3031	303	3
303104	S4	0	\N	\N	3031	303	3
303105	S5	0	\N	\N	3031	303	3
303106	S6	0	\N	\N	3031	303	3
303107	S7	0	\N	\N	3031	303	3
303108	S8	0	\N	\N	3031	303	3
303109	S9	0	\N	\N	3031	303	3
303110	S10	0	\N	\N	3031	303	3
303201	S1	0	\N	\N	3032	303	3
303202	S2	0	\N	\N	3032	303	3
303203	S3	0	\N	\N	3032	303	3
303204	S4	0	\N	\N	3032	303	3
303205	S5	0	\N	\N	3032	303	3
303206	S6	0	\N	\N	3032	303	3
303207	S7	0	\N	\N	3032	303	3
303208	S8	0	\N	\N	3032	303	3
303209	S9	0	\N	\N	3032	303	3
303210	S10	0	\N	\N	3032	303	3
303301	S1	0	\N	\N	3033	303	3
303302	S2	0	\N	\N	3033	303	3
303303	S3	0	\N	\N	3033	303	3
303304	S4	0	\N	\N	3033	303	3
303305	S5	0	\N	\N	3033	303	3
303306	S6	0	\N	\N	3033	303	3
303307	S7	0	\N	\N	3033	303	3
303308	S8	0	\N	\N	3033	303	3
303309	S9	0	\N	\N	3033	303	3
303310	S10	0	\N	\N	3033	303	3
303401	S1	0	\N	\N	3034	303	3
303402	S2	0	\N	\N	3034	303	3
303403	S3	0	\N	\N	3034	303	3
303404	S4	0	\N	\N	3034	303	3
303405	S5	0	\N	\N	3034	303	3
303406	S6	0	\N	\N	3034	303	3
303407	S7	0	\N	\N	3034	303	3
303408	S8	0	\N	\N	3034	303	3
303409	S9	0	\N	\N	3034	303	3
303410	S10	0	\N	\N	3034	303	3
401101	S1	0	\N	\N	4011	401	4
401102	S2	0	\N	\N	4011	401	4
401103	S3	0	\N	\N	4011	401	4
401104	S4	0	\N	\N	4011	401	4
401105	S5	0	\N	\N	4011	401	4
401106	S6	0	\N	\N	4011	401	4
401107	S7	0	\N	\N	4011	401	4
401108	S8	0	\N	\N	4011	401	4
401109	S9	0	\N	\N	4011	401	4
401110	S10	0	\N	\N	4011	401	4
401201	S1	0	\N	\N	4012	401	4
401202	S2	0	\N	\N	4012	401	4
401203	S3	0	\N	\N	4012	401	4
401204	S4	0	\N	\N	4012	401	4
401205	S5	0	\N	\N	4012	401	4
401206	S6	0	\N	\N	4012	401	4
401207	S7	0	\N	\N	4012	401	4
401208	S8	0	\N	\N	4012	401	4
401209	S9	0	\N	\N	4012	401	4
401210	S10	0	\N	\N	4012	401	4
401301	S1	0	\N	\N	4013	401	4
401302	S2	0	\N	\N	4013	401	4
401303	S3	0	\N	\N	4013	401	4
401304	S4	0	\N	\N	4013	401	4
401305	S5	0	\N	\N	4013	401	4
401306	S6	0	\N	\N	4013	401	4
401307	S7	0	\N	\N	4013	401	4
401308	S8	0	\N	\N	4013	401	4
401309	S9	0	\N	\N	4013	401	4
401310	S10	0	\N	\N	4013	401	4
401401	S1	0	\N	\N	4014	401	4
401402	S2	0	\N	\N	4014	401	4
401403	S3	0	\N	\N	4014	401	4
401404	S4	0	\N	\N	4014	401	4
401405	S5	0	\N	\N	4014	401	4
401406	S6	0	\N	\N	4014	401	4
401407	S7	0	\N	\N	4014	401	4
401408	S8	0	\N	\N	4014	401	4
401409	S9	0	\N	\N	4014	401	4
401410	S10	0	\N	\N	4014	401	4
402101	S1	0	\N	\N	4021	402	4
402102	S2	0	\N	\N	4021	402	4
402103	S3	0	\N	\N	4021	402	4
402104	S4	0	\N	\N	4021	402	4
402105	S5	0	\N	\N	4021	402	4
402106	S6	0	\N	\N	4021	402	4
402107	S7	0	\N	\N	4021	402	4
402108	S8	0	\N	\N	4021	402	4
402109	S9	0	\N	\N	4021	402	4
402110	S10	0	\N	\N	4021	402	4
402201	S1	0	\N	\N	4022	402	4
402202	S2	0	\N	\N	4022	402	4
402203	S3	0	\N	\N	4022	402	4
402204	S4	0	\N	\N	4022	402	4
402205	S5	0	\N	\N	4022	402	4
402206	S6	0	\N	\N	4022	402	4
402207	S7	0	\N	\N	4022	402	4
402208	S8	0	\N	\N	4022	402	4
402209	S9	0	\N	\N	4022	402	4
402210	S10	0	\N	\N	4022	402	4
402301	S1	0	\N	\N	4023	402	4
402302	S2	0	\N	\N	4023	402	4
402303	S3	0	\N	\N	4023	402	4
402304	S4	0	\N	\N	4023	402	4
402305	S5	0	\N	\N	4023	402	4
402306	S6	0	\N	\N	4023	402	4
402307	S7	0	\N	\N	4023	402	4
402308	S8	0	\N	\N	4023	402	4
402309	S9	0	\N	\N	4023	402	4
402310	S10	0	\N	\N	4023	402	4
402401	S1	0	\N	\N	4024	402	4
402402	S2	0	\N	\N	4024	402	4
402403	S3	0	\N	\N	4024	402	4
402404	S4	0	\N	\N	4024	402	4
402405	S5	0	\N	\N	4024	402	4
402406	S6	0	\N	\N	4024	402	4
402407	S7	0	\N	\N	4024	402	4
402408	S8	0	\N	\N	4024	402	4
402409	S9	0	\N	\N	4024	402	4
402410	S10	0	\N	\N	4024	402	4
403101	S1	0	\N	\N	4031	403	4
403102	S2	0	\N	\N	4031	403	4
403103	S3	0	\N	\N	4031	403	4
403104	S4	0	\N	\N	4031	403	4
403105	S5	0	\N	\N	4031	403	4
403106	S6	0	\N	\N	4031	403	4
403107	S7	0	\N	\N	4031	403	4
403108	S8	0	\N	\N	4031	403	4
403109	S9	0	\N	\N	4031	403	4
403110	S10	0	\N	\N	4031	403	4
403201	S1	0	\N	\N	4032	403	4
403202	S2	0	\N	\N	4032	403	4
403203	S3	0	\N	\N	4032	403	4
403204	S4	0	\N	\N	4032	403	4
403205	S5	0	\N	\N	4032	403	4
403206	S6	0	\N	\N	4032	403	4
403207	S7	0	\N	\N	4032	403	4
403208	S8	0	\N	\N	4032	403	4
403209	S9	0	\N	\N	4032	403	4
403210	S10	0	\N	\N	4032	403	4
403301	S1	0	\N	\N	4033	403	4
403302	S2	0	\N	\N	4033	403	4
403303	S3	0	\N	\N	4033	403	4
403304	S4	0	\N	\N	4033	403	4
403305	S5	0	\N	\N	4033	403	4
403306	S6	0	\N	\N	4033	403	4
403307	S7	0	\N	\N	4033	403	4
403308	S8	0	\N	\N	4033	403	4
403309	S9	0	\N	\N	4033	403	4
403310	S10	0	\N	\N	4033	403	4
403401	S1	0	\N	\N	4034	403	4
403402	S2	0	\N	\N	4034	403	4
403403	S3	0	\N	\N	4034	403	4
403404	S4	0	\N	\N	4034	403	4
403405	S5	0	\N	\N	4034	403	4
403406	S6	0	\N	\N	4034	403	4
403407	S7	0	\N	\N	4034	403	4
403408	S8	0	\N	\N	4034	403	4
403409	S9	0	\N	\N	4034	403	4
403410	S10	0	\N	\N	4034	403	4
501101	S1	0	\N	\N	5011	501	5
501102	S2	0	\N	\N	5011	501	5
501103	S3	0	\N	\N	5011	501	5
501104	S4	0	\N	\N	5011	501	5
501105	S5	0	\N	\N	5011	501	5
501106	S6	0	\N	\N	5011	501	5
501107	S7	0	\N	\N	5011	501	5
501108	S8	0	\N	\N	5011	501	5
501109	S9	0	\N	\N	5011	501	5
501110	S10	0	\N	\N	5011	501	5
501201	S1	0	\N	\N	5012	501	5
501202	S2	0	\N	\N	5012	501	5
501203	S3	0	\N	\N	5012	501	5
501204	S4	0	\N	\N	5012	501	5
501205	S5	0	\N	\N	5012	501	5
501206	S6	0	\N	\N	5012	501	5
501207	S7	0	\N	\N	5012	501	5
501208	S8	0	\N	\N	5012	501	5
501209	S9	0	\N	\N	5012	501	5
501210	S10	0	\N	\N	5012	501	5
501301	S1	0	\N	\N	5013	501	5
501302	S2	0	\N	\N	5013	501	5
501303	S3	0	\N	\N	5013	501	5
501304	S4	0	\N	\N	5013	501	5
501305	S5	0	\N	\N	5013	501	5
501306	S6	0	\N	\N	5013	501	5
501307	S7	0	\N	\N	5013	501	5
501308	S8	0	\N	\N	5013	501	5
501309	S9	0	\N	\N	5013	501	5
501310	S10	0	\N	\N	5013	501	5
501401	S1	0	\N	\N	5014	501	5
501402	S2	0	\N	\N	5014	501	5
501403	S3	0	\N	\N	5014	501	5
501404	S4	0	\N	\N	5014	501	5
501405	S5	0	\N	\N	5014	501	5
501406	S6	0	\N	\N	5014	501	5
501407	S7	0	\N	\N	5014	501	5
501408	S8	0	\N	\N	5014	501	5
501409	S9	0	\N	\N	5014	501	5
501410	S10	0	\N	\N	5014	501	5
502101	S1	0	\N	\N	5021	502	5
502102	S2	0	\N	\N	5021	502	5
502103	S3	0	\N	\N	5021	502	5
502104	S4	0	\N	\N	5021	502	5
502105	S5	0	\N	\N	5021	502	5
502106	S6	0	\N	\N	5021	502	5
502107	S7	0	\N	\N	5021	502	5
502108	S8	0	\N	\N	5021	502	5
502109	S9	0	\N	\N	5021	502	5
502110	S10	0	\N	\N	5021	502	5
502201	S1	0	\N	\N	5022	502	5
502202	S2	0	\N	\N	5022	502	5
502203	S3	0	\N	\N	5022	502	5
502204	S4	0	\N	\N	5022	502	5
502205	S5	0	\N	\N	5022	502	5
502206	S6	0	\N	\N	5022	502	5
502207	S7	0	\N	\N	5022	502	5
502208	S8	0	\N	\N	5022	502	5
502209	S9	0	\N	\N	5022	502	5
502210	S10	0	\N	\N	5022	502	5
502301	S1	0	\N	\N	5023	502	5
502302	S2	0	\N	\N	5023	502	5
502303	S3	0	\N	\N	5023	502	5
502304	S4	0	\N	\N	5023	502	5
502305	S5	0	\N	\N	5023	502	5
502306	S6	0	\N	\N	5023	502	5
502307	S7	0	\N	\N	5023	502	5
502308	S8	0	\N	\N	5023	502	5
502309	S9	0	\N	\N	5023	502	5
502310	S10	0	\N	\N	5023	502	5
502401	S1	0	\N	\N	5024	502	5
502402	S2	0	\N	\N	5024	502	5
502403	S3	0	\N	\N	5024	502	5
502404	S4	0	\N	\N	5024	502	5
502405	S5	0	\N	\N	5024	502	5
502406	S6	0	\N	\N	5024	502	5
502407	S7	0	\N	\N	5024	502	5
502408	S8	0	\N	\N	5024	502	5
502409	S9	0	\N	\N	5024	502	5
502410	S10	0	\N	\N	5024	502	5
503101	S1	0	\N	\N	5031	503	5
503102	S2	0	\N	\N	5031	503	5
503103	S3	0	\N	\N	5031	503	5
503104	S4	0	\N	\N	5031	503	5
503105	S5	0	\N	\N	5031	503	5
503106	S6	0	\N	\N	5031	503	5
503107	S7	0	\N	\N	5031	503	5
503108	S8	0	\N	\N	5031	503	5
503109	S9	0	\N	\N	5031	503	5
503110	S10	0	\N	\N	5031	503	5
503201	S1	0	\N	\N	5032	503	5
503202	S2	0	\N	\N	5032	503	5
503203	S3	0	\N	\N	5032	503	5
503204	S4	0	\N	\N	5032	503	5
503205	S5	0	\N	\N	5032	503	5
503206	S6	0	\N	\N	5032	503	5
503207	S7	0	\N	\N	5032	503	5
503208	S8	0	\N	\N	5032	503	5
503209	S9	0	\N	\N	5032	503	5
503210	S10	0	\N	\N	5032	503	5
503301	S1	0	\N	\N	5033	503	5
503302	S2	0	\N	\N	5033	503	5
503303	S3	0	\N	\N	5033	503	5
503304	S4	0	\N	\N	5033	503	5
503305	S5	0	\N	\N	5033	503	5
503306	S6	0	\N	\N	5033	503	5
503307	S7	0	\N	\N	5033	503	5
503308	S8	0	\N	\N	5033	503	5
503309	S9	0	\N	\N	5033	503	5
503310	S10	0	\N	\N	5033	503	5
503401	S1	0	\N	\N	5034	503	5
503402	S2	0	\N	\N	5034	503	5
503403	S3	0	\N	\N	5034	503	5
503404	S4	0	\N	\N	5034	503	5
503405	S5	0	\N	\N	5034	503	5
503406	S6	0	\N	\N	5034	503	5
503407	S7	0	\N	\N	5034	503	5
503408	S8	0	\N	\N	5034	503	5
503409	S9	0	\N	\N	5034	503	5
503410	S10	0	\N	\N	5034	503	5
601101	S1	0	\N	\N	6011	601	6
601102	S2	0	\N	\N	6011	601	6
601103	S3	0	\N	\N	6011	601	6
601104	S4	0	\N	\N	6011	601	6
601105	S5	0	\N	\N	6011	601	6
601106	S6	0	\N	\N	6011	601	6
601107	S7	0	\N	\N	6011	601	6
601108	S8	0	\N	\N	6011	601	6
601109	S9	0	\N	\N	6011	601	6
601110	S10	0	\N	\N	6011	601	6
601201	S1	0	\N	\N	6012	601	6
601202	S2	0	\N	\N	6012	601	6
601203	S3	0	\N	\N	6012	601	6
601204	S4	0	\N	\N	6012	601	6
601205	S5	0	\N	\N	6012	601	6
601206	S6	0	\N	\N	6012	601	6
601207	S7	0	\N	\N	6012	601	6
601208	S8	0	\N	\N	6012	601	6
601209	S9	0	\N	\N	6012	601	6
601210	S10	0	\N	\N	6012	601	6
601301	S1	0	\N	\N	6013	601	6
601302	S2	0	\N	\N	6013	601	6
601303	S3	0	\N	\N	6013	601	6
601304	S4	0	\N	\N	6013	601	6
601305	S5	0	\N	\N	6013	601	6
601306	S6	0	\N	\N	6013	601	6
601307	S7	0	\N	\N	6013	601	6
601308	S8	0	\N	\N	6013	601	6
601309	S9	0	\N	\N	6013	601	6
601310	S10	0	\N	\N	6013	601	6
601401	S1	0	\N	\N	6014	601	6
601402	S2	0	\N	\N	6014	601	6
601403	S3	0	\N	\N	6014	601	6
601404	S4	0	\N	\N	6014	601	6
601405	S5	0	\N	\N	6014	601	6
601406	S6	0	\N	\N	6014	601	6
601407	S7	0	\N	\N	6014	601	6
601408	S8	0	\N	\N	6014	601	6
601409	S9	0	\N	\N	6014	601	6
601410	S10	0	\N	\N	6014	601	6
602101	S1	0	\N	\N	6021	602	6
602102	S2	0	\N	\N	6021	602	6
602103	S3	0	\N	\N	6021	602	6
602104	S4	0	\N	\N	6021	602	6
602105	S5	0	\N	\N	6021	602	6
602106	S6	0	\N	\N	6021	602	6
602107	S7	0	\N	\N	6021	602	6
602108	S8	0	\N	\N	6021	602	6
602109	S9	0	\N	\N	6021	602	6
602110	S10	0	\N	\N	6021	602	6
602201	S1	0	\N	\N	6022	602	6
602202	S2	0	\N	\N	6022	602	6
602203	S3	0	\N	\N	6022	602	6
602204	S4	0	\N	\N	6022	602	6
602205	S5	0	\N	\N	6022	602	6
602206	S6	0	\N	\N	6022	602	6
602207	S7	0	\N	\N	6022	602	6
602208	S8	0	\N	\N	6022	602	6
602209	S9	0	\N	\N	6022	602	6
602210	S10	0	\N	\N	6022	602	6
602301	S1	0	\N	\N	6023	602	6
602302	S2	0	\N	\N	6023	602	6
602303	S3	0	\N	\N	6023	602	6
602304	S4	0	\N	\N	6023	602	6
602305	S5	0	\N	\N	6023	602	6
602306	S6	0	\N	\N	6023	602	6
602307	S7	0	\N	\N	6023	602	6
602308	S8	0	\N	\N	6023	602	6
602309	S9	0	\N	\N	6023	602	6
602310	S10	0	\N	\N	6023	602	6
602401	S1	0	\N	\N	6024	602	6
602402	S2	0	\N	\N	6024	602	6
602403	S3	0	\N	\N	6024	602	6
602404	S4	0	\N	\N	6024	602	6
602405	S5	0	\N	\N	6024	602	6
602406	S6	0	\N	\N	6024	602	6
602407	S7	0	\N	\N	6024	602	6
602408	S8	0	\N	\N	6024	602	6
602409	S9	0	\N	\N	6024	602	6
602410	S10	0	\N	\N	6024	602	6
603101	S1	0	\N	\N	6031	603	6
603102	S2	0	\N	\N	6031	603	6
603103	S3	0	\N	\N	6031	603	6
603104	S4	0	\N	\N	6031	603	6
603105	S5	0	\N	\N	6031	603	6
603106	S6	0	\N	\N	6031	603	6
603107	S7	0	\N	\N	6031	603	6
603108	S8	0	\N	\N	6031	603	6
603109	S9	0	\N	\N	6031	603	6
603110	S10	0	\N	\N	6031	603	6
603201	S1	0	\N	\N	6032	603	6
603202	S2	0	\N	\N	6032	603	6
603203	S3	0	\N	\N	6032	603	6
603204	S4	0	\N	\N	6032	603	6
603205	S5	0	\N	\N	6032	603	6
603206	S6	0	\N	\N	6032	603	6
603207	S7	0	\N	\N	6032	603	6
603208	S8	0	\N	\N	6032	603	6
603209	S9	0	\N	\N	6032	603	6
603210	S10	0	\N	\N	6032	603	6
603301	S1	0	\N	\N	6033	603	6
603302	S2	0	\N	\N	6033	603	6
603303	S3	0	\N	\N	6033	603	6
603304	S4	0	\N	\N	6033	603	6
603305	S5	0	\N	\N	6033	603	6
603306	S6	0	\N	\N	6033	603	6
603307	S7	0	\N	\N	6033	603	6
603308	S8	0	\N	\N	6033	603	6
603309	S9	0	\N	\N	6033	603	6
603310	S10	0	\N	\N	6033	603	6
603401	S1	0	\N	\N	6034	603	6
603402	S2	0	\N	\N	6034	603	6
603403	S3	0	\N	\N	6034	603	6
603404	S4	0	\N	\N	6034	603	6
603405	S5	0	\N	\N	6034	603	6
603406	S6	0	\N	\N	6034	603	6
603407	S7	0	\N	\N	6034	603	6
603408	S8	0	\N	\N	6034	603	6
603409	S9	0	\N	\N	6034	603	6
603410	S10	0	\N	\N	6034	603	6
701101	S1	0	\N	\N	7011	701	7
701102	S2	0	\N	\N	7011	701	7
701103	S3	0	\N	\N	7011	701	7
701104	S4	0	\N	\N	7011	701	7
701105	S5	0	\N	\N	7011	701	7
701106	S6	0	\N	\N	7011	701	7
701107	S7	0	\N	\N	7011	701	7
701108	S8	0	\N	\N	7011	701	7
701109	S9	0	\N	\N	7011	701	7
701110	S10	0	\N	\N	7011	701	7
701201	S1	0	\N	\N	7012	701	7
701202	S2	0	\N	\N	7012	701	7
701203	S3	0	\N	\N	7012	701	7
701204	S4	0	\N	\N	7012	701	7
701205	S5	0	\N	\N	7012	701	7
701206	S6	0	\N	\N	7012	701	7
701207	S7	0	\N	\N	7012	701	7
701208	S8	0	\N	\N	7012	701	7
701209	S9	0	\N	\N	7012	701	7
701210	S10	0	\N	\N	7012	701	7
701301	S1	0	\N	\N	7013	701	7
701302	S2	0	\N	\N	7013	701	7
701303	S3	0	\N	\N	7013	701	7
701304	S4	0	\N	\N	7013	701	7
701305	S5	0	\N	\N	7013	701	7
701306	S6	0	\N	\N	7013	701	7
701307	S7	0	\N	\N	7013	701	7
701308	S8	0	\N	\N	7013	701	7
701309	S9	0	\N	\N	7013	701	7
701310	S10	0	\N	\N	7013	701	7
701401	S1	0	\N	\N	7014	701	7
701402	S2	0	\N	\N	7014	701	7
701403	S3	0	\N	\N	7014	701	7
701404	S4	0	\N	\N	7014	701	7
701405	S5	0	\N	\N	7014	701	7
701406	S6	0	\N	\N	7014	701	7
701407	S7	0	\N	\N	7014	701	7
701408	S8	0	\N	\N	7014	701	7
701409	S9	0	\N	\N	7014	701	7
701410	S10	0	\N	\N	7014	701	7
702101	S1	0	\N	\N	7021	702	7
702102	S2	0	\N	\N	7021	702	7
702103	S3	0	\N	\N	7021	702	7
702104	S4	0	\N	\N	7021	702	7
702105	S5	0	\N	\N	7021	702	7
702106	S6	0	\N	\N	7021	702	7
702107	S7	0	\N	\N	7021	702	7
702108	S8	0	\N	\N	7021	702	7
702109	S9	0	\N	\N	7021	702	7
702110	S10	0	\N	\N	7021	702	7
702201	S1	0	\N	\N	7022	702	7
702202	S2	0	\N	\N	7022	702	7
702203	S3	0	\N	\N	7022	702	7
702204	S4	0	\N	\N	7022	702	7
702205	S5	0	\N	\N	7022	702	7
702206	S6	0	\N	\N	7022	702	7
702207	S7	0	\N	\N	7022	702	7
702208	S8	0	\N	\N	7022	702	7
702209	S9	0	\N	\N	7022	702	7
702210	S10	0	\N	\N	7022	702	7
702301	S1	0	\N	\N	7023	702	7
702302	S2	0	\N	\N	7023	702	7
702303	S3	0	\N	\N	7023	702	7
702304	S4	0	\N	\N	7023	702	7
702305	S5	0	\N	\N	7023	702	7
702306	S6	0	\N	\N	7023	702	7
702307	S7	0	\N	\N	7023	702	7
702308	S8	0	\N	\N	7023	702	7
702309	S9	0	\N	\N	7023	702	7
702310	S10	0	\N	\N	7023	702	7
702401	S1	0	\N	\N	7024	702	7
702402	S2	0	\N	\N	7024	702	7
702403	S3	0	\N	\N	7024	702	7
702404	S4	0	\N	\N	7024	702	7
702405	S5	0	\N	\N	7024	702	7
702406	S6	0	\N	\N	7024	702	7
702407	S7	0	\N	\N	7024	702	7
702408	S8	0	\N	\N	7024	702	7
702409	S9	0	\N	\N	7024	702	7
702410	S10	0	\N	\N	7024	702	7
703101	S1	0	\N	\N	7031	703	7
703102	S2	0	\N	\N	7031	703	7
703103	S3	0	\N	\N	7031	703	7
703104	S4	0	\N	\N	7031	703	7
703105	S5	0	\N	\N	7031	703	7
703106	S6	0	\N	\N	7031	703	7
703107	S7	0	\N	\N	7031	703	7
703108	S8	0	\N	\N	7031	703	7
703109	S9	0	\N	\N	7031	703	7
703110	S10	0	\N	\N	7031	703	7
703201	S1	0	\N	\N	7032	703	7
703202	S2	0	\N	\N	7032	703	7
703203	S3	0	\N	\N	7032	703	7
703204	S4	0	\N	\N	7032	703	7
703205	S5	0	\N	\N	7032	703	7
703206	S6	0	\N	\N	7032	703	7
703207	S7	0	\N	\N	7032	703	7
703208	S8	0	\N	\N	7032	703	7
703209	S9	0	\N	\N	7032	703	7
703210	S10	0	\N	\N	7032	703	7
703301	S1	0	\N	\N	7033	703	7
703302	S2	0	\N	\N	7033	703	7
703303	S3	0	\N	\N	7033	703	7
703304	S4	0	\N	\N	7033	703	7
703305	S5	0	\N	\N	7033	703	7
703306	S6	0	\N	\N	7033	703	7
703307	S7	0	\N	\N	7033	703	7
703308	S8	0	\N	\N	7033	703	7
703309	S9	0	\N	\N	7033	703	7
703310	S10	0	\N	\N	7033	703	7
703401	S1	0	\N	\N	7034	703	7
703402	S2	0	\N	\N	7034	703	7
703403	S3	0	\N	\N	7034	703	7
703404	S4	0	\N	\N	7034	703	7
703405	S5	0	\N	\N	7034	703	7
703406	S6	0	\N	\N	7034	703	7
703407	S7	0	\N	\N	7034	703	7
703408	S8	0	\N	\N	7034	703	7
703409	S9	0	\N	\N	7034	703	7
703410	S10	0	\N	\N	7034	703	7
801101	S1	0	\N	\N	8011	801	8
801102	S2	0	\N	\N	8011	801	8
801103	S3	0	\N	\N	8011	801	8
801104	S4	0	\N	\N	8011	801	8
801105	S5	0	\N	\N	8011	801	8
801106	S6	0	\N	\N	8011	801	8
801107	S7	0	\N	\N	8011	801	8
801108	S8	0	\N	\N	8011	801	8
801109	S9	0	\N	\N	8011	801	8
801110	S10	0	\N	\N	8011	801	8
801201	S1	0	\N	\N	8012	801	8
801202	S2	0	\N	\N	8012	801	8
801203	S3	0	\N	\N	8012	801	8
801204	S4	0	\N	\N	8012	801	8
801205	S5	0	\N	\N	8012	801	8
801206	S6	0	\N	\N	8012	801	8
801207	S7	0	\N	\N	8012	801	8
801208	S8	0	\N	\N	8012	801	8
801209	S9	0	\N	\N	8012	801	8
801210	S10	0	\N	\N	8012	801	8
801301	S1	0	\N	\N	8013	801	8
801302	S2	0	\N	\N	8013	801	8
801303	S3	0	\N	\N	8013	801	8
801304	S4	0	\N	\N	8013	801	8
801305	S5	0	\N	\N	8013	801	8
801306	S6	0	\N	\N	8013	801	8
801307	S7	0	\N	\N	8013	801	8
801308	S8	0	\N	\N	8013	801	8
801309	S9	0	\N	\N	8013	801	8
801310	S10	0	\N	\N	8013	801	8
801401	S1	0	\N	\N	8014	801	8
801402	S2	0	\N	\N	8014	801	8
801403	S3	0	\N	\N	8014	801	8
801404	S4	0	\N	\N	8014	801	8
801405	S5	0	\N	\N	8014	801	8
801406	S6	0	\N	\N	8014	801	8
801407	S7	0	\N	\N	8014	801	8
801408	S8	0	\N	\N	8014	801	8
801409	S9	0	\N	\N	8014	801	8
801410	S10	0	\N	\N	8014	801	8
802101	S1	0	\N	\N	8021	802	8
802102	S2	0	\N	\N	8021	802	8
802103	S3	0	\N	\N	8021	802	8
802104	S4	0	\N	\N	8021	802	8
802105	S5	0	\N	\N	8021	802	8
802106	S6	0	\N	\N	8021	802	8
802107	S7	0	\N	\N	8021	802	8
802108	S8	0	\N	\N	8021	802	8
802109	S9	0	\N	\N	8021	802	8
802110	S10	0	\N	\N	8021	802	8
802201	S1	0	\N	\N	8022	802	8
802202	S2	0	\N	\N	8022	802	8
802203	S3	0	\N	\N	8022	802	8
802204	S4	0	\N	\N	8022	802	8
802205	S5	0	\N	\N	8022	802	8
802206	S6	0	\N	\N	8022	802	8
802207	S7	0	\N	\N	8022	802	8
802208	S8	0	\N	\N	8022	802	8
802209	S9	0	\N	\N	8022	802	8
802210	S10	0	\N	\N	8022	802	8
802301	S1	0	\N	\N	8023	802	8
802302	S2	0	\N	\N	8023	802	8
802303	S3	0	\N	\N	8023	802	8
802304	S4	0	\N	\N	8023	802	8
802305	S5	0	\N	\N	8023	802	8
802306	S6	0	\N	\N	8023	802	8
802307	S7	0	\N	\N	8023	802	8
802308	S8	0	\N	\N	8023	802	8
802309	S9	0	\N	\N	8023	802	8
802310	S10	0	\N	\N	8023	802	8
802401	S1	0	\N	\N	8024	802	8
802402	S2	0	\N	\N	8024	802	8
802403	S3	0	\N	\N	8024	802	8
802404	S4	0	\N	\N	8024	802	8
802405	S5	0	\N	\N	8024	802	8
802406	S6	0	\N	\N	8024	802	8
802407	S7	0	\N	\N	8024	802	8
802408	S8	0	\N	\N	8024	802	8
802409	S9	0	\N	\N	8024	802	8
802410	S10	0	\N	\N	8024	802	8
803101	S1	0	\N	\N	8031	803	8
803102	S2	0	\N	\N	8031	803	8
803103	S3	0	\N	\N	8031	803	8
803104	S4	0	\N	\N	8031	803	8
803105	S5	0	\N	\N	8031	803	8
803106	S6	0	\N	\N	8031	803	8
803107	S7	0	\N	\N	8031	803	8
803108	S8	0	\N	\N	8031	803	8
803109	S9	0	\N	\N	8031	803	8
803110	S10	0	\N	\N	8031	803	8
803201	S1	0	\N	\N	8032	803	8
803202	S2	0	\N	\N	8032	803	8
803203	S3	0	\N	\N	8032	803	8
803204	S4	0	\N	\N	8032	803	8
803205	S5	0	\N	\N	8032	803	8
803206	S6	0	\N	\N	8032	803	8
803207	S7	0	\N	\N	8032	803	8
803208	S8	0	\N	\N	8032	803	8
803209	S9	0	\N	\N	8032	803	8
803210	S10	0	\N	\N	8032	803	8
803301	S1	0	\N	\N	8033	803	8
803302	S2	0	\N	\N	8033	803	8
803303	S3	0	\N	\N	8033	803	8
803304	S4	0	\N	\N	8033	803	8
803305	S5	0	\N	\N	8033	803	8
803306	S6	0	\N	\N	8033	803	8
803307	S7	0	\N	\N	8033	803	8
803308	S8	0	\N	\N	8033	803	8
803309	S9	0	\N	\N	8033	803	8
803310	S10	0	\N	\N	8033	803	8
803401	S1	0	\N	\N	8034	803	8
803402	S2	0	\N	\N	8034	803	8
803403	S3	0	\N	\N	8034	803	8
803404	S4	0	\N	\N	8034	803	8
803405	S5	0	\N	\N	8034	803	8
803406	S6	0	\N	\N	8034	803	8
803407	S7	0	\N	\N	8034	803	8
803408	S8	0	\N	\N	8034	803	8
803409	S9	0	\N	\N	8034	803	8
803410	S10	0	\N	\N	8034	803	8
901101	S1	0	\N	\N	9011	901	9
901102	S2	0	\N	\N	9011	901	9
901103	S3	0	\N	\N	9011	901	9
901104	S4	0	\N	\N	9011	901	9
901105	S5	0	\N	\N	9011	901	9
901106	S6	0	\N	\N	9011	901	9
901107	S7	0	\N	\N	9011	901	9
901108	S8	0	\N	\N	9011	901	9
901109	S9	0	\N	\N	9011	901	9
901110	S10	0	\N	\N	9011	901	9
901201	S1	0	\N	\N	9012	901	9
901202	S2	0	\N	\N	9012	901	9
901203	S3	0	\N	\N	9012	901	9
901204	S4	0	\N	\N	9012	901	9
901205	S5	0	\N	\N	9012	901	9
901206	S6	0	\N	\N	9012	901	9
901207	S7	0	\N	\N	9012	901	9
901208	S8	0	\N	\N	9012	901	9
901209	S9	0	\N	\N	9012	901	9
901210	S10	0	\N	\N	9012	901	9
901301	S1	0	\N	\N	9013	901	9
901302	S2	0	\N	\N	9013	901	9
901303	S3	0	\N	\N	9013	901	9
901304	S4	0	\N	\N	9013	901	9
901305	S5	0	\N	\N	9013	901	9
901306	S6	0	\N	\N	9013	901	9
901307	S7	0	\N	\N	9013	901	9
901308	S8	0	\N	\N	9013	901	9
901309	S9	0	\N	\N	9013	901	9
901310	S10	0	\N	\N	9013	901	9
901401	S1	0	\N	\N	9014	901	9
901402	S2	0	\N	\N	9014	901	9
901403	S3	0	\N	\N	9014	901	9
901404	S4	0	\N	\N	9014	901	9
901405	S5	0	\N	\N	9014	901	9
901406	S6	0	\N	\N	9014	901	9
901407	S7	0	\N	\N	9014	901	9
901408	S8	0	\N	\N	9014	901	9
901409	S9	0	\N	\N	9014	901	9
901410	S10	0	\N	\N	9014	901	9
902101	S1	0	\N	\N	9021	902	9
902102	S2	0	\N	\N	9021	902	9
902103	S3	0	\N	\N	9021	902	9
902104	S4	0	\N	\N	9021	902	9
902105	S5	0	\N	\N	9021	902	9
902106	S6	0	\N	\N	9021	902	9
902107	S7	0	\N	\N	9021	902	9
902108	S8	0	\N	\N	9021	902	9
902109	S9	0	\N	\N	9021	902	9
902110	S10	0	\N	\N	9021	902	9
902201	S1	0	\N	\N	9022	902	9
902202	S2	0	\N	\N	9022	902	9
902203	S3	0	\N	\N	9022	902	9
902204	S4	0	\N	\N	9022	902	9
902205	S5	0	\N	\N	9022	902	9
902206	S6	0	\N	\N	9022	902	9
902207	S7	0	\N	\N	9022	902	9
902208	S8	0	\N	\N	9022	902	9
902209	S9	0	\N	\N	9022	902	9
902210	S10	0	\N	\N	9022	902	9
902301	S1	0	\N	\N	9023	902	9
902302	S2	0	\N	\N	9023	902	9
902303	S3	0	\N	\N	9023	902	9
902304	S4	0	\N	\N	9023	902	9
902305	S5	0	\N	\N	9023	902	9
902306	S6	0	\N	\N	9023	902	9
902307	S7	0	\N	\N	9023	902	9
902308	S8	0	\N	\N	9023	902	9
902309	S9	0	\N	\N	9023	902	9
902310	S10	0	\N	\N	9023	902	9
902401	S1	0	\N	\N	9024	902	9
902402	S2	0	\N	\N	9024	902	9
902403	S3	0	\N	\N	9024	902	9
902404	S4	0	\N	\N	9024	902	9
902405	S5	0	\N	\N	9024	902	9
902406	S6	0	\N	\N	9024	902	9
902407	S7	0	\N	\N	9024	902	9
902408	S8	0	\N	\N	9024	902	9
902409	S9	0	\N	\N	9024	902	9
902410	S10	0	\N	\N	9024	902	9
903101	S1	0	\N	\N	9031	903	9
903102	S2	0	\N	\N	9031	903	9
903103	S3	0	\N	\N	9031	903	9
903104	S4	0	\N	\N	9031	903	9
903105	S5	0	\N	\N	9031	903	9
903106	S6	0	\N	\N	9031	903	9
903107	S7	0	\N	\N	9031	903	9
903108	S8	0	\N	\N	9031	903	9
903109	S9	0	\N	\N	9031	903	9
903110	S10	0	\N	\N	9031	903	9
903201	S1	0	\N	\N	9032	903	9
903202	S2	0	\N	\N	9032	903	9
903203	S3	0	\N	\N	9032	903	9
903204	S4	0	\N	\N	9032	903	9
903205	S5	0	\N	\N	9032	903	9
903206	S6	0	\N	\N	9032	903	9
903207	S7	0	\N	\N	9032	903	9
903208	S8	0	\N	\N	9032	903	9
903209	S9	0	\N	\N	9032	903	9
903210	S10	0	\N	\N	9032	903	9
903301	S1	0	\N	\N	9033	903	9
903302	S2	0	\N	\N	9033	903	9
903303	S3	0	\N	\N	9033	903	9
903304	S4	0	\N	\N	9033	903	9
903305	S5	0	\N	\N	9033	903	9
903306	S6	0	\N	\N	9033	903	9
903307	S7	0	\N	\N	9033	903	9
903308	S8	0	\N	\N	9033	903	9
903309	S9	0	\N	\N	9033	903	9
903310	S10	0	\N	\N	9033	903	9
903401	S1	0	\N	\N	9034	903	9
903402	S2	0	\N	\N	9034	903	9
903403	S3	0	\N	\N	9034	903	9
903404	S4	0	\N	\N	9034	903	9
903405	S5	0	\N	\N	9034	903	9
903406	S6	0	\N	\N	9034	903	9
903407	S7	0	\N	\N	9034	903	9
903408	S8	0	\N	\N	9034	903	9
903409	S9	0	\N	\N	9034	903	9
903410	S10	0	\N	\N	9034	903	9
1001101	S1	0	\N	\N	10011	1001	10
1001102	S2	0	\N	\N	10011	1001	10
1001103	S3	0	\N	\N	10011	1001	10
1001104	S4	0	\N	\N	10011	1001	10
1001105	S5	0	\N	\N	10011	1001	10
1001106	S6	0	\N	\N	10011	1001	10
1001107	S7	0	\N	\N	10011	1001	10
1001108	S8	0	\N	\N	10011	1001	10
1001109	S9	0	\N	\N	10011	1001	10
1001110	S10	0	\N	\N	10011	1001	10
1001201	S1	0	\N	\N	10012	1001	10
1001202	S2	0	\N	\N	10012	1001	10
1001203	S3	0	\N	\N	10012	1001	10
1001204	S4	0	\N	\N	10012	1001	10
1001205	S5	0	\N	\N	10012	1001	10
1001206	S6	0	\N	\N	10012	1001	10
1001207	S7	0	\N	\N	10012	1001	10
1001208	S8	0	\N	\N	10012	1001	10
1001209	S9	0	\N	\N	10012	1001	10
1001210	S10	0	\N	\N	10012	1001	10
1001301	S1	0	\N	\N	10013	1001	10
1001302	S2	0	\N	\N	10013	1001	10
1001303	S3	0	\N	\N	10013	1001	10
1001304	S4	0	\N	\N	10013	1001	10
1001305	S5	0	\N	\N	10013	1001	10
1001306	S6	0	\N	\N	10013	1001	10
1001307	S7	0	\N	\N	10013	1001	10
1001308	S8	0	\N	\N	10013	1001	10
1001309	S9	0	\N	\N	10013	1001	10
1001310	S10	0	\N	\N	10013	1001	10
1001401	S1	0	\N	\N	10014	1001	10
1001402	S2	0	\N	\N	10014	1001	10
1001403	S3	0	\N	\N	10014	1001	10
1001404	S4	0	\N	\N	10014	1001	10
1001405	S5	0	\N	\N	10014	1001	10
1001406	S6	0	\N	\N	10014	1001	10
1001407	S7	0	\N	\N	10014	1001	10
1001408	S8	0	\N	\N	10014	1001	10
1001409	S9	0	\N	\N	10014	1001	10
1001410	S10	0	\N	\N	10014	1001	10
1002101	S1	0	\N	\N	10021	1002	10
1002102	S2	0	\N	\N	10021	1002	10
1002103	S3	0	\N	\N	10021	1002	10
1002104	S4	0	\N	\N	10021	1002	10
1002105	S5	0	\N	\N	10021	1002	10
1002106	S6	0	\N	\N	10021	1002	10
1002107	S7	0	\N	\N	10021	1002	10
1002108	S8	0	\N	\N	10021	1002	10
1002109	S9	0	\N	\N	10021	1002	10
1002110	S10	0	\N	\N	10021	1002	10
1002201	S1	0	\N	\N	10022	1002	10
1002202	S2	0	\N	\N	10022	1002	10
1002203	S3	0	\N	\N	10022	1002	10
1002204	S4	0	\N	\N	10022	1002	10
1002205	S5	0	\N	\N	10022	1002	10
1002206	S6	0	\N	\N	10022	1002	10
1002207	S7	0	\N	\N	10022	1002	10
1002208	S8	0	\N	\N	10022	1002	10
1002209	S9	0	\N	\N	10022	1002	10
1002210	S10	0	\N	\N	10022	1002	10
1002301	S1	0	\N	\N	10023	1002	10
1002302	S2	0	\N	\N	10023	1002	10
1002303	S3	0	\N	\N	10023	1002	10
1002304	S4	0	\N	\N	10023	1002	10
1002305	S5	0	\N	\N	10023	1002	10
1002306	S6	0	\N	\N	10023	1002	10
1002307	S7	0	\N	\N	10023	1002	10
1002308	S8	0	\N	\N	10023	1002	10
1002309	S9	0	\N	\N	10023	1002	10
1002310	S10	0	\N	\N	10023	1002	10
1002401	S1	0	\N	\N	10024	1002	10
1002402	S2	0	\N	\N	10024	1002	10
1002403	S3	0	\N	\N	10024	1002	10
1002404	S4	0	\N	\N	10024	1002	10
1002405	S5	0	\N	\N	10024	1002	10
1002406	S6	0	\N	\N	10024	1002	10
1002407	S7	0	\N	\N	10024	1002	10
1002408	S8	0	\N	\N	10024	1002	10
1002409	S9	0	\N	\N	10024	1002	10
1002410	S10	0	\N	\N	10024	1002	10
1003101	S1	0	\N	\N	10031	1003	10
1003102	S2	0	\N	\N	10031	1003	10
1003103	S3	0	\N	\N	10031	1003	10
1003104	S4	0	\N	\N	10031	1003	10
1003105	S5	0	\N	\N	10031	1003	10
1003106	S6	0	\N	\N	10031	1003	10
1003107	S7	0	\N	\N	10031	1003	10
1003108	S8	0	\N	\N	10031	1003	10
1003109	S9	0	\N	\N	10031	1003	10
1003110	S10	0	\N	\N	10031	1003	10
1003201	S1	0	\N	\N	10032	1003	10
1003202	S2	0	\N	\N	10032	1003	10
1003203	S3	0	\N	\N	10032	1003	10
1003204	S4	0	\N	\N	10032	1003	10
1003205	S5	0	\N	\N	10032	1003	10
1003206	S6	0	\N	\N	10032	1003	10
1003207	S7	0	\N	\N	10032	1003	10
1003208	S8	0	\N	\N	10032	1003	10
1003209	S9	0	\N	\N	10032	1003	10
1003210	S10	0	\N	\N	10032	1003	10
1003301	S1	0	\N	\N	10033	1003	10
1003302	S2	0	\N	\N	10033	1003	10
1003303	S3	0	\N	\N	10033	1003	10
1003304	S4	0	\N	\N	10033	1003	10
1003305	S5	0	\N	\N	10033	1003	10
1003306	S6	0	\N	\N	10033	1003	10
1003307	S7	0	\N	\N	10033	1003	10
1003308	S8	0	\N	\N	10033	1003	10
1003309	S9	0	\N	\N	10033	1003	10
1003310	S10	0	\N	\N	10033	1003	10
1003401	S1	0	\N	\N	10034	1003	10
1003402	S2	0	\N	\N	10034	1003	10
1003403	S3	0	\N	\N	10034	1003	10
1003404	S4	0	\N	\N	10034	1003	10
1003405	S5	0	\N	\N	10034	1003	10
1003406	S6	0	\N	\N	10034	1003	10
1003407	S7	0	\N	\N	10034	1003	10
1003408	S8	0	\N	\N	10034	1003	10
1003409	S9	0	\N	\N	10034	1003	10
1003410	S10	0	\N	\N	10034	1003	10
\.


--
-- Data for Name: users; Type: TABLE DATA; Schema: public; Owner: parking_user
--

COPY public.users (user_id, user_name, user_email, user_password, user_phone_no, user_address, role, created_on) FROM stdin;
1	superadmin	superadmin@parking.com	scrypt:32768:8:1$GaMG6bFAxMO1ate5$e918a348b3fa96accf2954613b74692548218702a63dd24928e269407ce904bbd7d088643e45e261a95b52f58bc41c3609d9ef3de9bb9a7abe87ce9d6efcb463	9009244409	Impressico	super_admin	2025-06-25 15:30:01.170942
10	admin10	admin10@parking.com	scrypt:16384:8:1$xnuDrxK8vI4RpVf5naiquw$926b95689fa20d464d501fbf7d202de44f343b9ddbfd841c3f20f17a43aa1c22767a63d9624d1847e6dfaf934543ff924eaf489b29b148069b5b0d2a80f26d82	+91900000110	Admin Office 10	admin	2025-06-25 15:30:01.170942
11	admin11	admin11@parking.com	scrypt:16384:8:1$bspF_Lo749udFTsyWyu0yw$389a537c85e67ee4d9b65db03277c3a6e7e727b74e21e7fd9e619eba2cc5896a39d91e4acfc16577295ba75e8bca94aa32817aefd4c4077d89db5ddf3eb0dfba	+91900000111	Admin Office 11	admin	2025-06-26 15:30:01.170942
12	admin12	admin12@parking.com	scrypt:16384:8:1$c13xWczWD_Sl6Jf-GF3HZQ$775b6b72a1a2d8548c4aeb6df6701b436ed5e97fa44937d6a53f0b54d4bd56d5a6f78839706b3b16a8d6448dc33b286c47c99f093c5953b40a8f5b1b8fb6c44b	+91900000112	Admin Office 12	admin	2025-06-27 15:30:01.170942
13	admin13	admin13@parking.com	scrypt:16384:8:1$bN7hD3Q__yb6fMV7j4lqKw$387d840ef8a829cdbb4dc2f391f53cc796d4dec203979147bcdac0d4e5dd2d097b3ad8fca494947c0f1b4014ad75b8e2bd205218027fb8215d8bde65c3116554	+91900000113	Admin Office 13	admin	2025-06-28 15:30:01.170942
14	admin14	admin14@parking.com	scrypt:16384:8:1$amgP9fSjDSiVTFri-cDKJg$c2c013b82ec5c7cb4c54461a74f8e9de92a16e3d49333448218fcc75268bdedda602135abfa94de25edd90d9734e6bfa1ad8431636432457627dce2bdacd4e18	+91900000114	Admin Office 14	admin	2025-06-29 15:30:01.170942
15	admin15	admin15@parking.com	scrypt:16384:8:1$nwmPRvlPwwSO10yFCCWeRA$9d785196b9d7ca313cd7073b82483059762fba657a1f29acd51507e3fd830e323f5c3147840c021153a6e0480a120af56074935368b7eb773e0794631850f9c7	+91900000115	Admin Office 15	admin	2025-06-30 15:30:01.170942
16	admin16	admin16@parking.com	scrypt:16384:8:1$GHIwicYy1AyC5-_L_50Jnw$4241bcd867137237f59ddf987c1ef95dec1f95725185a2a082033609dad3e831035700af0151bf3018c75334541dfc52abfe805c78d052dc77faa021de150484	+91900000116	Admin Office 16	admin	2025-07-01 15:30:01.170942
17	admin17	admin17@parking.com	scrypt:16384:8:1$JISxhS__EYyoMdV5f__9Qg$8a05a84e26bc5489c0d0cbb16a4c84bad802307c58181e5ae788b26539d9e9456251060a6f3429a3429288e65db93360218750b3e244bb735ba7982f62fca037	+91900000117	Admin Office 17	admin	2025-07-02 15:30:01.170942
18	admin18	admin18@parking.com	scrypt:16384:8:1$gL_rI9DmTljXIbz9ICSsJw$981e4328ae321ebc52eccd7be5c5029ed0e87139f7d2659967a7500dbb6a33366cf22032c32de9a2c2db1d3d6f521430d34675e8499438a333f9a904dfa1ce71	+91900000118	Admin Office 18	admin	2025-07-03 15:30:01.170942
19	admin19	admin19@parking.com	scrypt:16384:8:1$cz_Jwt8NStkGmBspQii10Q$31f32c754ffd6a408583a8745bf0eedbd0984a4520ae1260e2d4fa43add19399f3480ada4afb30108415dc98b3cd05947d540c90cf854a9a464fdc01644a292b	+91900000119	Admin Office 19	admin	2025-07-04 15:30:01.170942
20	user20	user20@parking.com	scrypt:16384:8:1$ScnMkE40clTwyTFOt-ectQ$c9175abb7b97ef634a361b1bbe59a5abf189e2b143dfd118ed65b95654b2a672f4bd4e44186f3f41dc33c5b33e80929db71c9363ba8276a7f17189b3b031ccc4	+91910000220	User Address 20	user	2025-06-25 15:30:01.170942
21	user21	user21@parking.com	scrypt:16384:8:1$XPtsxGovCVNp3GVx1EODnA$a1b8b7a5bdba48984d712c23ec597e7b117ea053614194f22b3a3a8c74d226ac1e4f66fd2d2b1a668edc67f889d65de5d2b824faf6b2b962cece626901a87009	+91910000221	User Address 21	user	2025-06-26 15:30:01.170942
22	user22	user22@parking.com	scrypt:16384:8:1$IxUT1CWrBEnTDa41QNQRug$384862717c16f0e405f685b06fdcc416da69e2d18f3291911af44705dfccd4455cd54f2cec7724391d3426011947e48617d95369f709ca9e2d7eeb85f6797af1	+91910000222	User Address 22	user	2025-06-27 15:30:01.170942
23	user23	user23@parking.com	scrypt:16384:8:1$-N-R8miipGUlp8Fqh7iOBQ$520b65e249c7279b26e840ba361248c6b95c38432c955dfe690e80bfc6d0f1495047fc689cb875193f9d2257c99d3271a2741d9bb55240b7d5cb97779c069714	+91910000223	User Address 23	user	2025-06-28 15:30:01.170942
24	user24	user24@parking.com	scrypt:16384:8:1$ETiM59eP6ALRn3b0nBT5uQ$31646a74678518fd0e161058058ddcf79f44c070ab22cd31423e13303c694d582959fb56b0e77b06447c13ad2635d09f4d14e7901f684fb714661446a7ea3e56	+91910000224	User Address 24	user	2025-06-29 15:30:01.170942
25	user25	user25@parking.com	scrypt:16384:8:1$epbJbUdF1MVkWBhL35szlw$5df03eec3a7100a79de2165e2cab6e0a477d7ded791ca6156f23b6e302bf2c8a94e25700dc4543013a663450050789746b379a8ce606f6e3b81e16a2b37226f9	+91910000225	User Address 25	user	2025-06-30 15:30:01.170942
26	user26	user26@parking.com	scrypt:16384:8:1$Pm4-XRidQnyPI_8AyocBEg$df3b754e21486f3506266a94cf1b35866bccd833ad0863989342412b1250586c25694ac26cf111f110db905b80537c0f1e1c6799a3d0bd87f1fefcccafa97ff4	+91910000226	User Address 26	user	2025-07-01 15:30:01.170942
27	user27	user27@parking.com	scrypt:16384:8:1$66JOEZm1MPVfHlkUs-N4xg$49fbcf86c50bcfae52a1b8eab8b45addba6dc2f72e46261e00099f8d948d523fbd4257f0d08267470075b4646cdce11a8c4286bb6a21fd2dca3a31ad3efb0707	+91910000227	User Address 27	user	2025-07-02 15:30:01.170942
28	user28	user28@parking.com	scrypt:16384:8:1$R9stto9BigYUqY-JlcP1aQ$6544909536c288cab6e71db6a051c2688af1afa053256f9321c04bd6111476e0cd8a78dc1b67a926854473aee2176ebe84971842916f45d1a4343283142ee938	+91910000228	User Address 28	user	2025-07-03 15:30:01.170942
29	user29	user29@parking.com	scrypt:16384:8:1$pxaaGoLUK09GBcygOV0_yA$971b253796ecce17e36641aac200624d0f2ae584b1b10d8d6e27ed60257239e42e57c9fe6388a26ef6075a19fb19d1e2cd2a699bd6c6466316573e3b5eb7ed42	+91910000229	User Address 29	user	2025-07-04 15:30:01.170942
\.


--
-- Name: admin_parking_lots_id_seq; Type: SEQUENCE SET; Schema: public; Owner: parking_user
--

SELECT pg_catalog.setval('public.admin_parking_lots_id_seq', 10, true);


--
-- Name: admin_payment_ledger_id_seq; Type: SEQUENCE SET; Schema: public; Owner: parking_user
--

SELECT pg_catalog.setval('public.admin_payment_ledger_id_seq', 10, true);


--
-- Name: floors_floor_id_seq; Type: SEQUENCE SET; Schema: public; Owner: parking_user
--

SELECT pg_catalog.setval('public.floors_floor_id_seq', 1003, true);


--
-- Name: parkinglots_details_parkinglot_id_seq; Type: SEQUENCE SET; Schema: public; Owner: parking_user
--

SELECT pg_catalog.setval('public.parkinglots_details_parkinglot_id_seq', 10, true);


--
-- Name: rows_row_id_seq; Type: SEQUENCE SET; Schema: public; Owner: parking_user
--

SELECT pg_catalog.setval('public.rows_row_id_seq', 10034, true);


--
-- Name: slots_slot_id_seq; Type: SEQUENCE SET; Schema: public; Owner: parking_user
--

SELECT pg_catalog.setval('public.slots_slot_id_seq', 1003410, true);


--
-- Name: users_user_id_seq; Type: SEQUENCE SET; Schema: public; Owner: parking_user
--

SELECT pg_catalog.setval('public.users_user_id_seq', 29, true);


--
-- Name: admin_parking_lots admin_parking_lots_pkey; Type: CONSTRAINT; Schema: public; Owner: parking_user
--

ALTER TABLE ONLY public.admin_parking_lots
    ADD CONSTRAINT admin_parking_lots_pkey PRIMARY KEY (id);


--
-- Name: admin_payment_ledger admin_payment_ledger_pkey; Type: CONSTRAINT; Schema: public; Owner: parking_user
--

ALTER TABLE ONLY public.admin_payment_ledger
    ADD CONSTRAINT admin_payment_ledger_pkey PRIMARY KEY (id);


--
-- Name: alembic_version alembic_version_pkc; Type: CONSTRAINT; Schema: public; Owner: parking_user
--

ALTER TABLE ONLY public.alembic_version
    ADD CONSTRAINT alembic_version_pkc PRIMARY KEY (version_num);


--
-- Name: floors floors_pkey; Type: CONSTRAINT; Schema: public; Owner: parking_user
--

ALTER TABLE ONLY public.floors
    ADD CONSTRAINT floors_pkey PRIMARY KEY (floor_id);


--
-- Name: parking_sessions parking_sessions_pkey; Type: CONSTRAINT; Schema: public; Owner: parking_user
--

ALTER TABLE ONLY public.parking_sessions
    ADD CONSTRAINT parking_sessions_pkey PRIMARY KEY (ticket_id);


--
-- Name: parkinglots_details parkinglots_details_pkey; Type: CONSTRAINT; Schema: public; Owner: parking_user
--

ALTER TABLE ONLY public.parkinglots_details
    ADD CONSTRAINT parkinglots_details_pkey PRIMARY KEY (parkinglot_id);


--
-- Name: rows rows_pkey; Type: CONSTRAINT; Schema: public; Owner: parking_user
--

ALTER TABLE ONLY public.rows
    ADD CONSTRAINT rows_pkey PRIMARY KEY (row_id);


--
-- Name: slots slots_pkey; Type: CONSTRAINT; Schema: public; Owner: parking_user
--

ALTER TABLE ONLY public.slots
    ADD CONSTRAINT slots_pkey PRIMARY KEY (slot_id);


--
-- Name: admin_payment_ledger uix_admin_date; Type: CONSTRAINT; Schema: public; Owner: parking_user
--

ALTER TABLE ONLY public.admin_payment_ledger
    ADD CONSTRAINT uix_admin_date UNIQUE (admin_id, date);


--
-- Name: users users_pkey; Type: CONSTRAINT; Schema: public; Owner: parking_user
--

ALTER TABLE ONLY public.users
    ADD CONSTRAINT users_pkey PRIMARY KEY (user_id);


--
-- Name: users users_user_email_key; Type: CONSTRAINT; Schema: public; Owner: parking_user
--

ALTER TABLE ONLY public.users
    ADD CONSTRAINT users_user_email_key UNIQUE (user_email);


--
-- Name: users users_user_name_key; Type: CONSTRAINT; Schema: public; Owner: parking_user
--

ALTER TABLE ONLY public.users
    ADD CONSTRAINT users_user_name_key UNIQUE (user_name);


--
-- Name: users users_user_phone_no_key; Type: CONSTRAINT; Schema: public; Owner: parking_user
--

ALTER TABLE ONLY public.users
    ADD CONSTRAINT users_user_phone_no_key UNIQUE (user_phone_no);


--
-- Name: admin_parking_lots admin_parking_lots_admin_id_fkey; Type: FK CONSTRAINT; Schema: public; Owner: parking_user
--

ALTER TABLE ONLY public.admin_parking_lots
    ADD CONSTRAINT admin_parking_lots_admin_id_fkey FOREIGN KEY (admin_id) REFERENCES public.users(user_id);


--
-- Name: admin_parking_lots admin_parking_lots_parking_lot_id_fkey; Type: FK CONSTRAINT; Schema: public; Owner: parking_user
--

ALTER TABLE ONLY public.admin_parking_lots
    ADD CONSTRAINT admin_parking_lots_parking_lot_id_fkey FOREIGN KEY (parking_lot_id) REFERENCES public.parkinglots_details(parkinglot_id);


--
-- Name: admin_payment_ledger admin_payment_ledger_admin_id_fkey; Type: FK CONSTRAINT; Schema: public; Owner: parking_user
--

ALTER TABLE ONLY public.admin_payment_ledger
    ADD CONSTRAINT admin_payment_ledger_admin_id_fkey FOREIGN KEY (admin_id) REFERENCES public.users(user_id);


--
-- Name: floors floors_parkinglot_id_fkey; Type: FK CONSTRAINT; Schema: public; Owner: parking_user
--

ALTER TABLE ONLY public.floors
    ADD CONSTRAINT floors_parkinglot_id_fkey FOREIGN KEY (parkinglot_id) REFERENCES public.parkinglots_details(parkinglot_id);


--
-- Name: parking_sessions parking_sessions_slot_id_fkey; Type: FK CONSTRAINT; Schema: public; Owner: parking_user
--

ALTER TABLE ONLY public.parking_sessions
    ADD CONSTRAINT parking_sessions_slot_id_fkey FOREIGN KEY (slot_id) REFERENCES public.slots(slot_id);


--
-- Name: parking_sessions parking_sessions_user_id_fkey; Type: FK CONSTRAINT; Schema: public; Owner: parking_user
--

ALTER TABLE ONLY public.parking_sessions
    ADD CONSTRAINT parking_sessions_user_id_fkey FOREIGN KEY (user_id) REFERENCES public.users(user_id);


--
-- Name: rows rows_floor_id_fkey; Type: FK CONSTRAINT; Schema: public; Owner: parking_user
--

ALTER TABLE ONLY public.rows
    ADD CONSTRAINT rows_floor_id_fkey FOREIGN KEY (floor_id) REFERENCES public.floors(floor_id);


--
-- Name: slots slots_row_id_fkey; Type: FK CONSTRAINT; Schema: public; Owner: parking_user
--

ALTER TABLE ONLY public.slots
    ADD CONSTRAINT slots_row_id_fkey FOREIGN KEY (row_id) REFERENCES public.rows(row_id);


--
-- PostgreSQL database dump complete
--

\unrestrict RBPIFwSvXHl3d3HCLPb8RlnGj7vT7KpAQDq2zs2IcO5ypid9PRgMRgBeiF6ToiC

